question,content
Em bị bệnh gout đã gần 10 năm uống nhiều nhiều loại thuốc (cả đông và tây y) nhưng không khỏi. Em nhờ các bác sĩ tư vấn giúp nên dùng loại thuốc nào để điều trị và thực đơn ăn uống thế nào cho hợp lý.,"Theo những thông tin mà chị cung cấp, chúng tôi không rõ bệnh lý của chị đã ở mức độ nào. Trường hợp của chị nên đi khám bác sĩ chuyên khoa để có sự cụ thể hơn."
"Tôi có tiền sử huyết áp cao, gout, thoái hóa cột sống cổ, đang uống thuốc điều trị huyết áp, gout. Tôi có thể tiêm vaccine ngừa Covid-19 không?","Theo thông tin hướng dẫn của Bộ Y tế thì người có bệnh lý nền, bệnh mạn tính điều trị ổn định nằm trong nhóm đối tượng cần được khám sàng lọc và tiêm tại bệnh viện hoặc các cơ sở y tế có năng lực cấp cứu ban đầu."
- Một trường hợp bị bệnh gout và pulip túi mật (cả 2 bệnh không phải uống thuốc mỗi ngày).- Một trường họp bị bệnh nhân sơ tử cung và nan tuyến vú (cả 2 bệnh không phải uống thuốc mỗi ngày).Vậy cả 2 trường hợp trên có tiêm được vaccine ngừa covid được không ạ?,"Theo những thông tin mà bạn mô tả, nếu các bệnh lý này đang ổn định và đang được kiểm soát trong vòng 3 tháng qua không ảnh hưởng đến sức khỏe của bạn thì theo hướng dẫn mới nhất 2995 của Bộ Y tế ngày 18/06/2021 của Bộ Y tế thì bạn vẫn được tiêm vaccine phòng Covid-19 bình thường."
Duy trì chế độ ăn uống như thế nào để tăng huyết áp mà không ảnh hưởng đến bệnh gout và suy thận độ 2?,"Bệnh Gout và suy thận là những yếu tố nguy cơ của bệnh lý tim mạch. Vì thế bác nên đến cơ sở y tế hoặc bệnh viện thuộc Hệ thống Y tế Vinmec để khám chuyên khoa tim mạch, tại đây các bác sĩ sẽ xác định huyết áp thấp do nguyên nhân gì (có thể do: bẩm sinh, suy tim. . . . ), sau đó bác nên khám chuyên khoa dinh dưỡng để được tư vấn chế độ ăn phù hợp cho từng bệnh lý mà không ảnh hưởng đến tiền sử bệnh cũ."
Người bị bệnh gout sử dụng sữa ong chúa hằng ngày có được không?,"Bệnh gout (gút) hay còn gọi thống phong, là bệnh do rối loạn chuyển hóa nhân purin trong thận, khiến thận không thể lọc axit uric từ trong máu. Axit uric thường vô hại và được hình thành trong cơ thể, sau đó sẽ được đào thải qua nước tiểu và phân. Với người bị bệnh gout, lượng axit uric trong máu được tích tụ qua thời gian. Khi nồng độ này quá cao, những tinh thể nhỏ của axit uric được hình thành. Những tinh thể này tập trung lại ở khớp và gây viêm, sưng và đau đớn cho bệnh nhân. Bệnh gout đặc trưng bởi những đợt viêm khớp cấp tái phát, người bệnh thường xuyên bị đau đớn đột ngột giữa đêm và sưng đỏ các khớp khi đợt viêm cấp bùng phát, đặc biệt là các khớp ở ngón chân cái, nhưng cũng có thể ảnh hưởng tới các khớp khác ở chân (như đầu gối, mắt cá chân, bàn chân) và ít gặp hơn ở khớp tay (bàn tay, cổ tay, khuỷu tay), cả cột sống cũng có thể bị ảnh hưởng.Nguyên tắc điều trị bệnh gút là điều trị viêm khớp trong cơn gout cấp. Dự phòng tái phát cơn gout, dự phòng lắng đọng urat trong các mô và dự phòng biến chứng thông qua điều trị hội chứng tăng acid uric máu với mục tiêu kiểm soát acid uric máu dưới 360 mmol/l (60 mg/l) với gout chưa có nốt tophi và dưới 320 mmol/l (50 mg/l) với gout có nốt tophi.Sữa ong chúa là một chất có dạng gelatin (dạng keo) được sản xuất bởi những con ong thợi để nuôi ong chúa và con non của chúng. Sữa ong chúa thường được bán như một chất dinh dưỡng bổ sung trong chế độ ăn uống nhằm điều trị một số bệnh về thể chất và các bệnh mãn tính. Do vậy, sữa ong chúa chỉ là một loại thực phẩm bổ sung, không phải là thuốc chữa bệnh gút. Bạn cần đến gặp bác sĩ chuyên khoa cơ xương khớp để được tư vấn điều trị gout lâu dài."
"Tôi năm nay 45 tuổi, có bị bệnh gout (đã chữa ổn định ) bị dị ứng với các loại kháng viêm, dị ứng nhiều loại giảm đau. Vậy tôi có chích ngừa vaccine Covid-19 được không?","Nếu mức độ dị ứng của Anh/Chị là nhẹ thì vẫn có thể tiêm ngừa vaccine Covid-19 tại các cơ sở bệnh viện. Khi đi tiêm Anh/Chị vui lòng khai báo tình trạng sức khỏe, tiền sử dị ứng cho bác sĩ khám sàng lọc."
Uống 2 loại thuốc chữa gout Colchicin và Alluphenul cùng một ngày có được không?,Hai loại thuốc điều trị gout này chưa ghi nhận tương tác với nhau vì thế bạn có thể uống cả hai loại trong cùng một ngày được.
Bệnh gout cấp tính nên sử dụng thuốc nào?,"Gout là bệnh do rối loạn chuyển hoá các nhân purin, có đặc điểm chính là tăng acid uric máu. Bệnh thường gặp ở nam giới tuổi trung niên. Nguyên nhân chính gây bệnh gout là hậu quả của tình trạng acid uric máu cao. Và vi tinh thể urat có vai trò chính trong cơ chế bệnh sinh của bệnh gout. Gout nếu không được chẩn đoán sớm, theo dõi và kiểm soát tốt thường để lại nhiều biến chứng nặng nề như: chuyển sang gout mạn, tạo sỏi thận, tổn thương khớp mạn tính do muối urat, suy thận...Do vậy bạn cần đến cơ sở y tế để được khám và chẩn đoán, điều trị và kiểm soát tốt bệnh gout theo Bác sĩ chuyên khoa cơ xương khớp."
"Khớp ngón tay sưng đau, chỉ số uric 216 là dấu hiệu bệnh gì?","Hoạt động bình thường ở khớp ngón tay: Xương ở lòng bàn tay là xương đốt bàn tay. Mỗi xương đốt bàn tay sẽ nối với xương đốt ngón tay. Những xương đốt ngón tay nhỏ sắp xếp nối tiếp nhau, tạo thành xương ngón tay. Các khớp ngón tay ở bàn tay (khớp bàn ngón tay) được tạo thành bởi sự kết nối giữa xương đốt ngón tay và xương đốt bàn tay. Khớp bàn ngón tay cử động như bản lề cho phép mỗi người dễ dàng gập ngón tay lại hoặc duỗi thẳng ngón tay ra. 3 xương đốt ngón tay ở mỗi ngón tay nối với nhau bởi 2 khớp, được gọi là khớp liên đốt ngón tay. Khớp gần với khớp bàn tay nhất được gọi là khớp liên đốt gần. Khớp nằm gần đầu ngón tay gọi là khớp liên đốt xa. Riêng ngón cái chỉ có một khớp liên đốt giữa 2 xương đốt ngón cái. Các khớp này cũng hoạt động như khớp bản lề khi gập, duỗi ngón tay. Các khớp ngón tay được bao phủ bên ngoài bởi lớp sụn khớp, có màu trắng và độ cứng như cao su. Sụn khớp có chức năng hấp thu các va chạm, tạo một bề mặt trơn láng để thuận lợi cho khớp chuyển động. Acid uric là một sản phẩm tự nhiên trong quá trình chuyển hóa nucleotide purine trong cơ thể. Loại nucleotide này có mặt trong thực phẩm mà con người tiêu thụ hàng ngày. Các purine sau khi đi vào cơ thể sẽ phản ứng với enzym có trong đường ruột tạo ra acid uric. Xét nghiệm Acid uric rất quan trọng trong chẩn đoán Gout tuy nhiên nó không phải là triệu chứng duy nhất. Đối với người bình thường lượng acid uric ở hai giới như sau: Đối với nam giới: 210 - 420 umol/L. Đối với nữ giới: 150 - 350 umol/L. Trường hợp của chị acid uric trong giới hạn bình thường. Vì không biết rõ chị bị đau ở khớp đốt bàn hay khớp đốt ngón nào? Bị đau từ bao giờ? Có bị va đập vào đau không? Đau có đột ngột và tăng lên về đêm không?Trường hợp của chị cần được khám và tư vấn bởi bác sĩ chuyên khoa để được khám và điều trị tốt nhất."
"hiện nay tôi rất quan tâm đến vấn đề tiêm chủng vaccine ngừa Covid. Hiện nay tôi đang bị các bệnh nền như huyết áp, tiểu đường, gout. Vậy xin tư vấn cho tôi có tiêm được không, và tiêm loại nào thì an toàn nhất, tôi đã 59 tuổi rồi.","Các bệnh nền như anh đang mắc như tăng huyết áp, đái tháo đường, gout, hiện tại theo quy định của Bộ Y tế không thuộc nhóm đối tượng chống chỉ định tiêm vaccine Covid-19. Tuy nhiên, anh phải hoãn tiêm khi đang trong đợt cấp. Anh không nói rõ hiện tại bệnh lý đã ổn định hay chưa. Do vậy, trước đó, anh nên kiểm tra lại sức khỏe của mình trước rồi quyết định tiêm được hay không."
"Tôi bị phình mạch não đã đặt stent từ tháng 2/2020. Hiện nay, mỗi ngày phải uống thuốc chống đông máu. Tôi cao 170 cm, nặng 65 kg, thể thao tốt, không tiền sử dị ứng, huyết áp, đái đường, gout, mỡ máu hơi cao chút. Với thể trạng và bệnh nền như vậy, tôi có tiêm vaccine Covid-19 được không? Nếu tiêm thì tiêm loại nào? Cần chuẩn bị gì trước, trong và sau khi tiêm?","Trường hợp của anh đang dùng thuốc chống đông để điều trị dự phòng tái phát bệnh nên anh thuộc nhóm đối tượng cần thận trọng khi tiêm chủng vaccine Covid-19. Theo hướng dẫn của Bộ Y tế, để đảm bảo an toàn, trường hợp của anh cần được khám sàng lọc và triển khai tiêm chủng tại khối bệnh viện. Khi khám sàng lọc trước tiêm, anh cần cung cấp đầy đủ thông tin, tiền sử điều trị bệnh cho bác sĩ được biết và chỉ định tiêm chủng an toàn. Sau khi tiêm chủng, anh, chị cần ở lại cơ sở tiêm chủng ít nhất 30 phút và tiếp tục theo dõi sức khỏe tại nhà ít nhất 7-28 ngày để phát hiện sớm những dấu hiệu của phản vệ, cũng như những triệu chứng của huyết khối như đau đầu, đau bụng, . ."
Có cách nào để biết được chân tóc có thể phục hồi hay không?,"Mỗi người rụng khoảng 100 sợi tóc mỗi ngày, nhưng trông bên ngoài mái tóc không hề mỏng đi, bởi song song với rụng tóc là những sợi tóc mới đang mọc lên. Hói đầu xảy ra khi sự cân bằng giữa rụng tóc và mọc tóc bị phá vỡ, hoặc khi các nang tóc bị phá hủy, thay thế bằng mô sẹo.Rụng tóc thường liên quan tới một hoặc nhiều yếu tố dưới đây:Tiền sử gia đình (di truyền): Đây là nguyên nhân phổ biến nhất của rụng tóc, mang tên hói đầu nam di truyền hoặc hói đầu nữ di truyền. Nó thường xảy ra dần dần theo tuổi tác. Thay đổi nội tiết tố và tình trạng bệnh lý: Có rất nhiều tình trạng khác nhau gây ra rụng tóc tạm thời hoặc vĩnh viễn, bao gồm thay đổi nội tiết tố do mang thai, sinh nở, mãn kinh và bệnh lý tuyến giáp. Các bệnh lý bao gồm rụng tóc từng mảng (alopecia areata), nhiễm trùng da đầu (chẳng hạn như bệnh nấm da), hay chứng hưng cảm giật tóc (trichotillomania). Thuốc điều trị và dược phẩm bổ sung: Rụng tóc có thể là tác dụng không mong muốn của một số thuốc nhất định, chẳng hạn như thuốc điều trị ung thư, viêm khớp, trầm cảm, các bệnh lý về tim, gút và tăng huyết áp. Xạ trị khu vực đầu: Sau xạ trị tóc có thể không mọc lại được như ban đầu. Một số cách xử lý và tạo mẫu tóc: Một số phương pháp xử lý và tạo kiểu bằng cách kéo ép chặt tóc, chẳng hạn như tóc thắt đuôi sam hay cornrows, có thể gây rụng tóc, gọi là rụng tóc do lực kéo (traction alopecia). Xử lí tóc bằng dầu nóng có thể dẫn tới viêm nang tóc và dẫn tới rụng tóc. Nếu hình thành sẹo thì rụng tóc sẽ là vĩnh viễn.Hiện nay, để biết được xem chân tóc có phục hồi hay không, có máy soi phóng to hình ảnh chân tóc để chẩn đoán nguyên nhân."
Tôi bị dị ứng thuốc gout có tiêm đuọc vaccine Covid-19 không?,"Anh/chị bị dị ứng thuốc điều trị gout, không rõ tình trạng dị ứng thế nào?Nếu là phản ứng phản vệ từ độ 2 trở lên phải vào viện cấp cứu (nổi ban, khó thở, tím tái, nổi mọng nước. . ) thì sẽ không được tiêm vaccine phòng Covid-19. Còn nếu mức độ dị ứng nhẹ chỉ nổi ban, ngứa tự hết hoặc sử dụng thuốc uống tự hết thì anh/chị có thể tiêm chủng tại điểm tiêm có đầy đủ trang thiết bị cấp cứu (khối bệnh viện)."
"Tôi bị dị ứng với cua đồng, tép đồng, các con cao đạm như nhộng, trứng kiến hay đuông khi ăn. Và cách đây 3 năm có triệu chứng sốc phản vệ (thở khò khè, hoa mắt, nổi mề đay, mạch giảm) không rõ nguyên nhân. Điều trị trong ngày khỏi và ra viện ngay. Với các tiền sử bệnh lý như trên tôi có thể tiêm phòng vaccine Covid-19 không?. Sức khoẻ tôi hiện tại bình thường. Các chỉ số gout, tiểu đường, mỡ máu đều ở trong ngưỡng cho phép nhưng hơi cao.","Với các triệu chứng như mô tả, bạn có triệu chứng của phản ứng phản vệ độ II dù chưa rõ nguyên nhân. Theo hướng dẫn của Bộ Y tế, phản ứng phản vệ độ II với bất kỳ tác nhân nào đều thuộc nhóm chống chỉ định tiêm chủng vaccine Covid-19."
"Tôi có những bệnh lý nền như huyết áp (nhóm tiền cao HA) uống thuốc đều đặn từ nhiều năm nay, gout nhẹ (năm 2019 bị 1 trận cấp) sau đó uống thuốc đều đặn, thực nhiện tốt chế độ ăn kiêng, năng đi bộ, hầu như không uống bia rượu nữa...Vậy thì có đủ điều kiện tiêm vaccine phòng chống Covid-19 hay không?","Những người có tiền sử bệnh mạn tính nếu đã điều trị ổn định vẫn có thể tiêm phòng vaccine Covid-19 tại các cơ sở tiêm chủng trong bệnh viện. Việc tiêm vaccine phòng Covid-19 là cần thiết trong giai đoạn này, đặc biệt đối với những người có bệnh lý nền - một trong những yếu tố làm tăng nguy cơ mắc và gặp các biến chứng nặng của bệnh. Tuy nhiên, bác sĩ cần đánh giá thêm về tình trạng sức khỏe cũng như các thuốc mà chị đang điều trị tại thời điểm thăm khám để đưa ra khuyến cáo phù hợp. Nếu bệnh lý chưa được kiểm soát tốt thì chị sẽ cần tạm hoãn tiêm chủng."
Định lượng Ferritin và acid uric trong máu có liên quan đến nhau không?,"Ferritin là protein dự trữ sắt, Ferritin tự do trong huyết thanh phản ánh nồng độ sắt dự trữ và được dùng làm chỉ số xét nghiệm để đánh giá mức độ dự trữ sắt trong cơ thể. Đối với xét nghiệm định lượng Ferritin, một người khỏe mạnh bình thường dao động từ 20 đến 250 ng/ml (đối với nam), nữ giới dao động từ 10 đến 120 ng/ml.Xét nghiệm định lượng Ferritin sẽ giúp bác sĩ hiểu lượng sắt cơ thể lưu trữ được bao nhiêu. Nếu xét nghiệm Ferritin cho thấy mức độ Ferritin trong máu thấp hơn bình thường, điều đó có nghĩa dự trữ sắt của cơ thể thấp. Ngược lại, khi kết quả xét nghiệm Ferritin cao hơn bình thường thì có khả năng bệnh nhân bị ứ sắt.Xét nghiệm Ferritin cao cũng có thể là dấu hiệu của một số căn bệnh như bệnh Thalassemia, các bệnh lý viêm gan, viêm khớp dạng thấp, một số bệnh lý viêm cấp và mạn tính, cường giáp, lạm dụng rượu, tiểu đường tuýp 2, truyền máu nhiều lần mà không được thải sắt hoặc một số bệnh ung thư (gan, tụy, phế quản, thần kinh, u lympho ác tính, lơ xê mi) cũng có thể gây ra mức độ Ferritin trong máu cao.Ngoài ra, xét nghiệm Ferritin cao cũng có thể do đột biến gen HFE. Gen HFE có 2 đột biến phổ biến là C282Y và H63D. Nếu một người thừa hưởng 2 gen bất thường có thể phát triển bệnh thừa sắt. Đột biến ở các gen này làm giảm sự kiểm soát của sự hấp thụ sắt trong quá trình tiêu hóa và làm thay đổi sự phân bố của sắt đến các bộ phận của cơ thể. Tuy nhiên, đây là nhóm nguyên nhân rất ít gặp ở người châu Á.Acid uric là sản phẩm chuyển hóa của nhân purin- thành phần cấu tạo nên DNA, RNA,...(các vật chất di truyền). Acid uric được thải trừ qua thận. Khi acid uric trong máu tăng cao vượt quá độ bão hòa, nó có thể kết tinh lại thành các tinh thể urat, lắng đọng ở khớp gây ra cơn gút cấp (bệnh gút). Hoặc lắng đọng tại da, mô mềm thành các hạt tophi, hoặc tạo thành sỏi urat ở thận. Tăng acid uric máu có thể có triệu chứng hoặc không có triệu chứng. Tăng acid uric máu có triệu chứng thường đề cập đến các cơn gút cấp hoặc bệnh gút mạn.Có nhiều nguyên nhân gây tăng acid uric máu, tựu chung lại chia thành hai nhóm lớn do tăng chuyển hóa nhân purin hoặc giảm thải trừ qua thận. Các nguyên nhân có thể kể đến:Uống nhiều bia rượuChế độ ăn nhiều purin: Phủ tạng động vật, tôm cua, hải sản, đậu hạt các loại, nấm,...Suy thận mạnDo các bệnh lý làm phá hủy tế bào quá mức: Lơ xê mi, các bệnh lý ác tính, vẩy nến,..Do thuốc: Nhiều thuốc có thể làm tăng acid uric như corticoid, thuốc lợi tiểu (furosemid), aspirin, thuốc chống lao (Ethambutol, Pyrazinamid,..),...Do thiếu hụt enzym trong chuyển hóa purin (bệnh di truyền)Qua rất nhiều nghiên cứu cho thấy Urat hoạt động như một chất chelat hóa sắt và do đó, sắt có thể điều chỉnh hoạt động của xanthine oxidase và sản xuất urat. Vì vậy, Ferritin có liên quan tỷ lệ thuận với urat trong huyết thanh, với sự gia tăng urat huyết thanh được xem như một dấu hiệu của tình trạng thừa sắt. Sắt có thể góp phần gây viêm gút bằng cách hình thành phức hợp với tinh thể urat (MSU- monosodium urate), kích thích quá trình oxy hóa thông qua việc tạo ra các loại oxy phản ứng và góp phần kích hoạt bạch cầu hạt và bổ thể.Thực phẩm là nguồn cung cấp sắt chủ yếu, thông qua các nguồn động vật và thực vật. Chế độ ăn uống cũng là một nguồn cung cấp đạm (protein). Những thực phẩm giàu purin từ chế độ ăn có nguồn gốc động vật có liên quan đến việc tăng nguy cơ tái phát cơn gút trong khi thực phẩm giàu purin từ chế độ ăn có nguồn gốc thực vật thì không. Thông qua sự kết hợp chế độ ăn làm tăng lượng sắt huyết thanh trong thực phẩm giàu purin (thịt đỏ) có thể là một yếu tố nguyên nhân gây ra bệnh gút và tần suất bùng phát.Chế độ ăn:Bổ sung thêm 500 - 1000mg vitamin C hàng ngày.Uống nhiều nước để tăng cường đào thải acid uric, nên uống nước khoáng kiềm.Chỉ nên ăn các loại thịt có màu trắng (thịt cá sông, thịt lườn gà, thịt heo,...) vì thịt có màu trắng thường ít purin hơn, lượng protein cần thiết cho cơ thể mỗi ngày là 50-100g.Tinh bột và thực phẩm giàu carbohydrate là loại thực phẩm quan trọng đối với người bệnh gout, bởi nó chứa một lượng purin an toàn. Chúng có chức năng làm giảm và hòa tan acid uric trong nước tiểu. Vì vậy, người bệnh có thể thoải mái ăn mì, phở, bún, khoai, bánh mì, ngũ cốc, gạo, mì,....Tăng cường các loại thực phẩm thảo dược có chức năng đào thải axit uric trong máu ra ngoài như cherry, dâu tây, cải bẹ xanh, cam, lá sake.Người bệnh có thể ăn thoải mái các loại rau củ vì chúng chỉ chứa khoảng 20-25 mg purin, trừ một số loại như nấm, giá đỗ, măng tây. Các loại rau ít purin dành cho người bệnh gout là rau cần, dưa chuột, súp lơ, cải bắp, cải xanh, các loại cà,....Nên thay thế các loại dầu bằng dầu ô liu, dầu lạc, dầu vừng,....để giảm bớt lượng chất béo.Khi chế biến nên ưu tiên các món hấp, luộc, hạn chế tối đa các món ăn chiên, xào nhiều dầu mỡ.Hạn chế tối đa các thực phẩm có lượng purin cao như nội tạng động vật, thịt bò, tôm, cua, ghẹ, thịt thú rừng, thịt gia cầm, các loại động vật có vỏ (sò, ốc, hến,.....). Những thực phẩm này dễ làm tăng nguy cơ hình thành bệnh gout cấp tính.Một số loại rau không tốt cho người bệnh gout là rau bina, cải bắp, măng tây và nấm.Hạn chế chất béo trong khẩu phần ăn bằng cách chọn thịt nạc, gia cầm không ăn da và các sản phẩm sữa ít chất béo.Tránh các loại hoa quả chua, đồ lên men, các loại nấm, măng, giá đỗ trong thực đơn bởi chúng có thể làm tăng tốc độ tổng hợp axit uric trong cơ thể.Một số loại gia vị như ớt, hạt tiêu cũng nên dùng hạn chế vì chúng có thể gây hưng phấn thần kinh tự chủ gây tái phát bệnh gout.Tránh uống rượu bởi rượu làm gia tăng sự tạo axit uric trong gan và ngăn cản thận thải axit uric.Nếu chế độ ăn uống rất nghiêm túc nhưng không đỡ thì bác nên khám bác sĩ chuyên khoa Nội tiết để tư vấn điều trị."
Người mắc lao kê đang uống thuốc điều trị và sốt 39 độ có sao không?,"Bệnh lao kê là một dạng bệnh lao do vi khuẩn mycobacterium đi đến các cơ quan ngoài phổi, như gan, lá lách và thận. Vi khuẩn gây bệnh lây lan từ hệ thống phổi đến hệ thống bạch huyết và cuối cùng theo dòng máu đến các cơ quan khác.Phác đồ điều trị lao kê tiêu chuẩn theo khuyến cáo của tổ chức Y tế Thế giới là dùng isoniazid và rifampicin trong 6 tháng, cũng như ethambutol và pyrazinamid trong hai tháng đầu tiên.Nếu có bằng chứng của viêm màng não, bạn có thể điều trị kéo dài đến 12 tháng. Tác dụng không mong muốn khi uống Ethambutol thường gặp là tăng acid uric máu, nhất là trong 2 tuần đầu, có thể có sốt, đau khớp. Triệu chứng này có thể thoáng qua, nếu sốt cao, đau mỏi nhiều bạn nên khám lại với Bác sĩ chuyên khoa Hô hấp tại cơ sở Y tế gần nhà hoặc bệnh viện thuộc Hệ thống Y tế Vinmec để được tư vấn điều trị."
"mẹ tôi năm nay 61 tuổi, có bệnh cao huyết áp, mỡ máu và gout thì có tiêm thuốc Pfizer được không ạ?","Người bị bệnh mãn tính như của mẹ của anh/chị không thuộc nhóm chống chỉ định tiêm chủng vaccine Covid-19 (Pfizer). Tùy thuộc vào điều kiện sức khỏe tại thời điểm khám sàng lọc, mẹ của anh/chị có thể được chỉ định tiêm chủng nếu các bệnh nền đã ổn định hoặc tạm hoãn nếu có bất thường/chưa ổn định."
"tôi bị viêm xoang, viêm họng mãn tính, bị thoái hoá cột sống cổ và lưng, mỡ máu cao, acid uric cao, gần đây bạch cầu cũng tăng bất thường, rối loạn chuyển hoá acid uric, cơ địa hay nổi mề đay khi uống nhiều thuốc tây, dị ứng dexa và tetra. Như vậy thì tôi có tiêm được vaccine Covid-19 không?","Hiện tại, anh có bệnh lý đang tiến triển nên cần trì hoãn tiêm chủng vaccine Covid-19 trong thời gian này. Anh có thể được tiêm vaccine Covid-19 khi các bệnh lý này được điều trị ổn định. Anh cần mang theo hồ sơ sức khỏe cá nhân gần đây để được nhân viên y tế khám sàng lọc, tốt nhất anh nên được khám và tiêm chủng tại bệnh viện, nơi có đủ điều kiện để xử trí các tai biến nặng có thể xảy ra sau khi tiêm vaccine."
"Thưa bác sĩ, tôi 60 tuổi, huyết áp 150/90, va gout nhẹ. Vậy tôi có thểm tiêm vaccine Covid-19 thế nào?","Anh/chị có bệnh lý nền là huyết áp và gout. Theo hướng dẫn của Bộ Y tế, những người có bệnh lý nền mãn tính đã điều trị ổn định thì vẫn tiêm vaccine Covid-19 được, đồng thời trong vòng 3 tháng trước thời điểm tiêm vaccine không cần phải thay đổi điều trị đáng kể hoặc phải nhập viện vì bệnh lý nặng hơn."
"tôi có bệnh mãn tính là tim mạch, tiểu đường đã kiểm soát tốt, có kèm theo bệnh rối loạn chuyển hoá mỡ, có hiện tượng đau thắt ngực trái. Hiện tôi đang dùng thuốc tim mạch và tiểu đường, chống kết tập tiểu cầu, hạ mỡ gout. Với tình trạng này của tôi thì có chích ngừa vaccine Covid-19 được không, tôi đã chích ngừa cúm mùa vào 3/2021.","Đối với bệnh nhân có bệnh tim mạch, tiểu đường ổn định, hiện tại đang dùng thuốc tim mạch và tiểu đường, thuốc chống kết tập tiểu cầu, hạ mỡ máu cần phải được khám và tiêm chủng tại bệnh viện hoặc cơ sở có đủ năng lực hồi sức cấp cứu ban đầu. Điều này nhằm kịp thời xử trí nếu có phản ứng phụ nghiêm trọng xảy ra sau tiêm. Ngoài ra, anh cần mang theo hồ sơ sức khỏe cá nhân để bác sĩ khám sàng lọc và tư vấn chính xác nhất trước tiêm chủng."
"Rát họng, đau nhức toàn thân và tê bì chân là do đâu?","Vấn đề đầu tiên của bạn là tình trạng đau nhức khớp toàn thân liên tục và tăng thêm khi có viêm họng, viêm amidan cấp. Thông thường bệnh cảnh đau khớp cấp kết hợp viêm họng cấp thường nghĩ đến tác nhân Strepptococcus nhóm A, tuy nhiên thường kèm theo sốt và gây nên những đợt cấp, sau khi qua đợt cấp các triệu chứng sẽ hết và có thể tái diễn sau đó. Một số nguyên nhân khác gây tình trạng đau khớp kéo dài thường gặp là thoái hóa khớp, gout, viêm khớp tự miễn. . . và khi bạn bị viêm họng do tác nhân siêu vi cũng sẽ làm tình trạng các khớp đau nhức hơn. Do vậy, bạn cần khám bác sĩ chuyên khoa Nội Khớp. Vấn đề thứ hai là tê bì chân khi ngồi xổm 1-2 phút, có thể do tư thế ngồi xổm làm gối gập sát dẫn đến việc giảm hồi lưu máu tĩnh mạch từ bàn chân về tim cũng như gây căng dãn các dây thần kinh vùng quanh gối sẽ tạo cảm giác mỏi và tê bì, biểu hiện này thường là sinh lý. Nếu các triệu chứng này nặng, làm ảnh hưởng sinh hoạt hàng ngày bạn có thể đăng ký khám bác sĩ chuyên khoa Nội Thần kinh để được tư vấn, đo điện cơ đánh giá bệnh lý thần kinh ngoại biên cũng như siêu âm mạch máu chi dưới kiểm tra tình trạng suy van tĩnh mạch chi dưới nhé"
Nổi hạch ở bẹn là dấu hiệu bệnh gì?,"Bẹn là vùng nằm giữa chân và khung chậu. Hạch vùng bẹn được chia thành 2 nhóm hạch là nhóm nằm ở nông và nhóm nằm ở sâu. Hạch có nhiệm vụ dẫn lưu dịch bạch huyết trở lại hệ tuần hoàn. Sưng hạch vùng bẹn là một triệu chứng của các bệnh vùng chân, bụng dưới, hậu môn, và cơ quan sinh dục ngoài.Hội chứng sưng hạch bẹn là tình trạng viêm của các hạch lympho ở vùng bẹn, có thể đau và có thể có mủ. Khi các hạch này vỡ ra, chúng sẽ giống các vết loét ở vùng bẹn. Hội chứng sưng hạch bẹn có thể xảy ra ở cả nam và nữ, thường do bệnh nhiễm khuẩn lây truyền qua đường tình dục gây nên.Hạch có thể bị sưng lên ở một hoặc cả hai bên bẹn. Những hạch bình thường sẽ có kích thước khoảng 1cm, còn nếu kích thước từ 1,5cm trở lên thì sẽ được coi là bất thường.Có nhiều nguyên nhân có thể làm hạch vùng bẹn sưng lên, tuy nhiên những nguyên nhân phổ biến là: Các bệnh gây qua đường sinh dục như xoắn khuẩn giang mai gây bệnh giang mai, trực khuẩn hạ cam gây bệnh hạ cam, lậu, herpes,...Nhiễm virus Epstein-Barr.Bệnh dịch hạch.Nhiễm Toxoplasma, có thể đi kèm một số triệu chứng khác như nhức mỏi, đau đầu, sốt,...Các khối u và nhiều loại ung thư ở vùng được dẫn lưu bạch huyết bởi hạch bẹn sẽ gây sưng như: Bệnh Leukemia: Bệnh ung thư của cơ quan tạo máu bao gồm hệ bạch huyết và tủy xương; Ung thư hạch bạch huyết hay còn gọi là u lympho. Có hai loại u lympho là u lympho Hodgkin và u lympho không Hodgkin.Các khối u ác tính vùng chậu và có thể di căn sang hậu môn, âm đạo và gây sưng hạch vùng bẹn.Ung thư tinh hoàn.Một số vắc-xin có thể gây sưng hạch như sởi, quai bị, thương hàn và rubella.Thuốc gây tác dụng phụ làm sưng hạch, tuy nhiên rất hiếm gặp: Thuốc Allopurinol điều trị Gout, Penicillin, Phenytoin và Carbamazepin điều trị rối loạn lưỡng cực và động kinh, Pyrimethamine điều trị sốt rét,...Những bệnh hệ thống gây sưng hạch vùng bẹn như viêm khớp dạng thấp, lupus ban đỏ hệ thống, sarcoidose,...Ngoài ra còn có viêm hạch, lao hạch cũng có thể gây sưng hạch vùng bẹn.Triệu chứng thường gặp của hội chứng sưng hạch vùng bẹn bao gồm:Hạch ở bẹn to một phía hoặc cả hai phía.Các vết loét, mụn nước, sần nhỏ vùng hậu môn, sinh dục trước đó hoặc kèm theo.Các biểu hiện khác ở da hoặc niêm mạc bao gồm: Sẩn mủ, sẩn, đào ban, đặc biệt chú ý vết thương ở trong lòng bàn tay và bàn chân.Sốt hoặc không sốt.Đối với mọi trường hợp sưng hạch bẹn nghi ngờ do bệnh lây truyền qua đường tình dục, cán bộ y tế cần xác định và điều trị cả cho bạn tình. Để điều trị triệu chứng sưng hạch, bác sĩ cần tìm được căn nguyên gây sưng hạch do một bệnh nào đó gây nên. Tuy nhiên, không phải lúc nào sưng hạch bẹn cũng do một bệnh nhiễm trùng nào đó, mà có thể là hạch lành tính.Những hạch sưng to, mềm, ấn thấy bùng nhùng có thể được chọc hút qua vùng da lành theo chỉ định của bác sĩ. Nếu việc chích rạch và dẫn lưu các hạch này có thể làm chậm quá trình lành vết thương thì bác sĩ sẽ cân nhắc có nên thực hiện chọc hút hay không.Tóm lại, hội chứng sưng hạch vùng bẹn là một triệu chứng của một bệnh nào đó và thường là bệnh lây truyền qua đường sinh dục, nhiễm khuẩn,... Do đó, khi có những dấu hiệu bất thường, bạn cần đến ngay cơ sở y tế để được thăm khám và điều trị kịp thời."
Dấu hiệu bệnh suy thận và phương hướng điều trị?,"Theo như bạn mô tả về triệu chứng lâm sàng và kết quả siêu âm của mẹ bạn thì mẹ bạn có khả năng bị viêm thận bể thận mạn do sỏi thận phải. Trường hợp sỏi gây viêm thận bể thận mạn có thể phải can thiệp ngoại khoa để lấy sỏi ra, ngoài ra còn phải làm xét nghiệm tìm yếu tố thuận lợi tạo sỏi như tăng axit uric máu, tăng calci niệu, rối loạn chuyển hóa calci - phospho,..... để từ đó dự phòng sỏi tái phát. Bạn nên đưa mẹ đến khám chuyên khoa tiết niệu để có chẩn đoán và điều trị thích hợp."
"Tôi năm nay 45 tuổi, giới tính Nam. Cách đây 2 năm tôi bị hội chứng thận hư và gout, hiện vẫn đang uống thuốc ngày 1 viên. Xin Bác sỹ cho hỏi trường hợp của tôi có tiêm được vaccine phòng Covid-19 không ạ?","Nếu các bệnh lý như thận hư, gout đã ổn định trong vòng 3 tháng trước khi tiêm chủng (có nghĩa là bệnh không cần thay đổi điều trị đáng kể hoặc nhập viện vì bệnh lý nặng hơn), các chỉ số xét nghiệm duy trì ở mức độ ổn thì anh hoàn toàn có thể tiêm được vaccine phòng Covid-19."
"Mẹ tôi năm nay 65 tuổi, bị bệnh Lupus ban đỏ hệ thống đã 10 năm. Mẹ tôi có tiêm được vaccine Covid-19 không? Nếu có thì cần lưu ý đến loại vaccine nào không? Chồng tôi năm nay 51 tuổi, bị bệnh xơ vữa động mạch cảnh, gout và huyết áp cao. Xin cho hỏi là chồng tôi có thể tiêm vaccine Covid-19 không?","Với hai trường hợp bệnh lý mà chị hỏi, nếu trong trường hợp bệnh mạn tính đã ổn định >= 3 tháng mà không phải thay đổi phác đồ điều trị hoặc không phải nhập viện vẫn có thể tiến hành tiêm vaccine Covid-19 tại khối bệnh viện."
"Hiện tôi đang bị gout, có uống thuốc và thực phẩm chức năng. Bác sĩ cho tôi hỏi khi uống thuốc điều trị có được tiêm vaccine không? Hoặc nếu không uống bao nhiêu ngày thì được tiêm vaccine Covid-19?","Anh đang điều trị Gout trong giai đoạn ổn định không phải đợt cấp, sức khỏe tốt hoàn toàn có thể được tiêm vaccine Covid-19."
"Phục hồi trí nhớ sau đột quỵ ở người có kèm bệnh lý tiểu đường, gout, suy thận, huyết áp cao thế nào?","Bố em bị mất trí nhớ sau đột quỵ, tuy nhiên do bố em có nhiều bệnh lý kết hợp nên chọn lựa thuốc cần được lưu ý các bệnh lý đi kèm. Vì vậy, với thắc mắc “phục hồi trí nhớ sau đột quỵ ở người có kèm bệnh lý tiểu đường, gout, suy thận, huyết áp cao thế nào?” Bác sĩ khuyên em và gia đình nên đưa bố tái khám các chuyên khoa Thần kinh, Nội tiết, Tim mạch, Nội Thận để được khám và điều trị."
"Chỉ số chức năng gan, chức năng thận và mỡ máu có nguy cơ cao mắc bệnh gì ?","Các kết quả xét nghiệm của bạn được thực hiện trên hệ thống xét nghiệm khác nhau thì giá trị khoảng tham chiếu có thể chênh lệch chút ít. Bạn có thể đối chiếu kết quả xét nghiệm của mình với khoảng tham chiếu mà đã được các phòng xét nghiệm cung cấp trong tờ phiếu kết quả xét nghiệm.Tuy nhiên, dù là làm trên hệ thống máy xét nghiệm nào thì các kết quả xét nghiệm của bạn cũng đang ở mức cao hoặc ngưỡng cao của khoảng tham chiếu (95% người bình thường có kết quả xét nghiệm nằm trong khoảng này).Dựa trên các kết quả xét nghiệm này cho thấy, bạn có thể có các vấn đề dưới đây:Cholesterol= 11.5 mmol/L; Triglyceride = 14.4 mmol/L: Có rối loạn chuyển hóa nhóm mỡ (tăng mỡ máu).Uric acid = 495.3 μmol/L: Tăng acid uric máu.GGT = 139.6 U/L: Tăng men GGT, nguyên nhân thường gặp nhất của tăng men này là do sử dụng rượu, tiếp theo là có thể đang có tắc mật.Ure = 8.0 mmol/L, Creatinin = 129.9 μmol/L và eGFR = 57.7: Cho thấy chức năng thận đã bị ảnh hưởng.Với tình trạng hiện nay, bạn nên thăm khám trực tiếp với bác sĩ nội khoa Tim mạch và bác sĩ dinh dưỡng để được tư vấn về chế độ ăn uống, luyện tập cũng như cách dùng thuốc.Trong quá trình theo dõi diễn biến sức khỏe bằng các xét nghiệm, bạn lưu ý một số thông tin dưới đây:Kết quả các xét nghiệm Cholesterol, Triglycerid, Acid uric, Ure có thể bị ảnh hưởng bởi chế độ ăn: Nếu như trước khi xét nghiệm mà bạn có các bữa ăn nhiều Protein, phủ tạng động vật, hải sản, uống rượu bia thì kết quả xét nghiệm có thể bị tăng cao hơn (tăng giả tạo).Kết quả xét nghiệm creatinin có thể bị ảnh hưởng nếu như trước khi xét nghiệm bạn có vận động thể lực nhiều.Kết quả chỉ số eGFR: phụ thuộc vào nồng độ creatinin máu, tuổi, giới và cân nặng của bạn.Đối với trường hợp cụ thể của bạn: khi đi xét nghiệm, mẫu máu tốt nhất để thực hiện các xét nghiệm trên là mẫu máu được lấy sau 2-3 ngày bạn không có vận động thể lực quá mức, không có các bữa ăn nhiều chất như nêu trên khoảng 1 tuần, sau nhịn ăn 12 giờ và không uống rượu bia trong 24 giờ."
"Tôi năm nay 66 tuổi bị bệnh tiểu đường, gút thì có tiêm vaccine Covid-19 được không?","Theo hướng dẫn của Bộ Y tế, trường hợp bệnh tiểu đường, gout nếu đã được kiểm soát, bác có thể được tiêm chủng vaccine Covid-19 nếu không có chống chỉ định nào khác. Với tình hình dịch đang diễn biến rất phức tạp, người cao tuổi có kèm bệnh nền là nhóm người nhạy cảm dễ bị bệnh nặng/nghiêm trọng nếu không may mắc phải bệnh Covid-19."
"Tôi bị bệnh gout đã 5 năm, acid uric là 550 ml, cao 160 cm nặng 66 kg. Tôi có nên tiêm vaccine ngừa Covid-19 hay không?. Tôi có tiền sử bị dị ứng thời tiết, hiện đã hết nhưng bị dị ứng nếu ăn tôm đồng.","Nếu như tình trạng bệnh của anh hiện tại đã ổn định thì có thể tiêm vaccine Covid-19. Đối với trường hợp dị ứng, anh cần được bác sĩ khám sàng lọc trực tiếp trước khi tiêm để đánh giá tình trạng trực tiếp và quyết định có thể tiêm chủng tại cơ sở y tế hay chuyển viện."
Điều trị cao huyết áp 4 năm nhưng các chỉ số giảm ít nên làm gì?,"Bệnh nhân điều trị cao huyết áp 4 năm nhưng các chỉ số giảm ít thì nên khám Tim mạch để thay đổi thuốc hoặc tăng liều thuốc phù hợp.Thuốc điều trị cao huyết áp hiệu quả có nhiều nhóm phù hợp cho từng bệnh lý. Với người thân của bạn bị tăng Acid Uric và suy thận thì cần tránh nhóm lợi tiểu Hypothiazid gây tăng Acid Uric, lựa chọn thuốc huyết áp thuộc nhóm ức chế men chuyển hoặc ức chế thụ thể Angiotensin có tác dụng bảo vệ thận, có thể kết hợp thêm nhóm thuốc chẹn kênh Calci không gây suy thận mà hiệu quả hạ áp tốt. Những lựa chọn này cần bác sĩ chuyên khoa chỉ định và theo dõi liên tục đáp ứng điều trị nên người bệnh cần đi khám trực tiếp.Ngoài việc dùng thuốc hạ áp, để cải thiện tình trạng huyết áp cao người bệnh cần tuân thủ chế độ ăn nhạt, giảm muối natri, không nên ăn đồ hộp, dưa muối, thức ăn muối,...tập thể dục hàng ngày tùy theo khả năng gắng sức, có chế độ sinh hoạt điều độ, tránh các stress tâm lý, thay đổi môi trường đột ngột."
Có chữa trị dứt điểm bệnh vảy nến thể giọt được không?,"Bệnh vảy nến thể giọt cũng là một thể của bệnh vảy nến. Bệnh vảy nến là một bệnh mạn tính, hiện chưa có thuốc chữa khỏi hoàn toàn. Tuy nhiên, có thể kiểm soát và hạn chế được bệnh. Chẩn đoán bệnh dựa trên triệu chứng và xét nghiệm sinh thiết da. Tùy từng trường hợp cụ thể, bệnh nhân có thể được chỉ định các xét nghiệm như công thức máu, hóa sinh máu có bao gồm chức năng gan, thận, đường huyết, acid uric, xét nghiệm tình trạng nhiễm trùng và virus,... Hiện nay có nhiều phương pháp điều trị vảy nến, bao gồm tại chỗ (thuốc bôi), thuốc uống, liệu pháp ánh sáng, thuốc sinh học. Mỗi một bệnh nhân có tình trạng bệnh khác nhau cũng như mỗi phương pháp đều có ưu nhược điểm riêng. Việc điều trị bệnh nhân vảy nến vừa cần phối hợp theo phác đồ kết hợp cá thể hóa điều trị để giúp điều trị hiệu quả hơn. Vì vậy, bạn nên đến thăm khám bác sĩ chuyên khoa khám, tư vấn và điều trị."
"Chỉ số Uric acid: 248.2 μmol/l, AFP: 2.33, Ca 72-4: <1.5, Cea:1.97 có sao không?","Acid uric là sản phẩm thoái hóa nhân purin của các acid nucleic. Acid uric được tổng hợp tại gan, thải ra khỏi cơ thể 80% qua đường nước tiểu và 20% qua đường tiêu hóa.Nếu quá trình tổng hợp và đào thải acid uric xảy ra cân bằng, lượng acid uric trong máu sẽ thuộc giới hạn bình thường. Nếu lượng acid uric tạo thành nhiều hoặc khả năng đào thải của thận giảm, lượng acid uric trong máu sẽ tăng lên và lắng đọng trong các mô.Acid uric khi lắng đọng trong các khớp có thể gây nên bệnh gout, là một bệnh do rối loạn chuyển hóa, đặc trưng bởi sự sưng đau các khớp dữ dội. Nếu acid uric lắng đọng ở thận có thể gây sỏi thận, lắng đọng ở tim sẽ gây bệnh tim mạch,...Xét nghiệm acid uric được thực hiện để chẩn đoán các bệnh lý gây biến đổi nồng độ acid uric trong cơ thể. Giá trị bình thường của acid uric trong máu ở nữ là: 154.7 - 357.0 μmol/LAlpha-fetoprotein (AFP) là protein huyết tương có nồng độ cao trong máu thai nhi.Thông thường, một protein AFP sẽ được tạo ra bởi các tế bào gan chưa trưởng thành trong bào thai. Những người trưởng thành khỏe mạnh và không mang thai thường có nồng độ AFP trong máu rất thấp.Khi bạn bị mắc các bệnh về gan, một số căn bệnh ung thư hoặc đang mang thai thì chất này sẽ xuất hiện nhiều hơn trong máu. Giá trị bình thường của AFP là <9.0 ng/mlCA 72-4 (kháng nguyên ung thư 72-4) là kháng nguyên do tế bào trong cơ thể sản xuất, được tìm thấy trên bề mặt của nhiều loại tế bào như: tế bào buồng trứng, vú, đại tràng, tụy, đặc biệt tế bào ung thư biểu mô dạ dày có khả năng chế tiết CA 72-4 cao hơn so với các cơ quan khác. Giá trị bình thường của CA 72-4 là < 6.9 U/mLNhư vậy, các chỉ số acid uric: 248.2 μmol/l, AFP: 2.33, Ca 72-4: <1.5, Cea:1.97 của bạn đều trong giới hạn bình thường"
"Tôi năm nay 47 tuổi, bị gout khoảng 7 năm, mật và thận có sỏi, huyết áp hơi cao một chút (chưa phải uống thuốc). Bác sĩ cho hỏi tôi có tiêm được vaccine Covid-19 không?","Nếu bệnh gout, huyết áp và gan mật. . . của anh/chị đã được điều trị ổn định thì có thể được tiêm vaccine Covid-19. Bác sĩ khám sàng lọc sẽ khám trực tiếp để đánh giá tình trạng sức khỏe hiện tại của anh/chị như các chỉ số huyết áp, mạch. . ."
"Tôi năm nay 52 tuổi, nam giới. Tôi có bệnh huyết áp cao phải uống thuốc mỗi ngày. Vào tháng 7/2020, tôi bị dị ứng nặng với thuốc giảm acid uric trong máu. Lúc đó, tôi bị sưng mặt và nổi đỏ toàn thân, có nơi trên cơ thể bị viêm da mủ. Tôi nằm điều trị ở bệnh viện 10 ngày, sau đó về nhà uống thuốc gần một tháng nữa thì hết đỏ toàn thân. Nhưng từ lúc đó đến nay tôi hay bị nổi mụn, mẩn ngứa. Cho đến giờ tôi vẫn phải đi khám da liễu và uống thuốc mỗi ngày. Bác sĩ da liễu nói tôi bị viêm da cơ địa dị ứng.Xin hỏi bác sĩ là với tiền sử dị ứng thuốc và vẫn đang bị nổi mẩn ngứa, uống thuốc da liễu hàng ngày như hiện giờ thì tôi có thể tiêm vaccine Covid-19 được không ạ?","Anh bị dị ứng thuốc với nhiều biểu hiện phải nằm viện 10 ngày. Trong trường hợp nếu anh được điều trị và được chẩn đoán phản vệ từ độ 2 trở lên cần chống chỉ định tiêm phòng vaccine Covid-19. Ngoài ra, anh đang nổi mẫn ngứa còn dùng thuốc điều trị hàng ngày cần trì hoãn việc tiêm vaccine Covid-19."
Thỉnh thoảng tôi bị gout có chích vaccine Covid-19 được không? Gout có phải là một dạng viêm khớp không?,"Gout là một dạng viêm khớp, được đặc trưng bởi các đợt khớp cấp tái phát, vì vậy, theo hướng dẫn của Bộ Y tế về khám sàng lọc trước khi tiêm chủng vaccine phòng Covid-19. Nếu đang mắc bệnh cấp tính thì anh/chị sẽ thuộc đối tượng cần trì hoãn tiêm chủng vaccine Covid-19 cho đến khi bệnh lý được điều trị ổn định. Do vậy, điều quan trọng trước mắt là anh/chị nên tuân thủ điều trị để cải thiện sức khỏe, cải thiện bệnh cấp tính. Đến khi sức khỏe và bệnh lý đã ổn định thì anh/chị có thể tiêm ngừa vaccine Covid-19 bình thường."
"Tăng lipid máu có gây đau đầu và giảm trí nhớ, rụng tóc không?","Không biết bạn bao nhiêu tuổi?Chỉ số tăng lipid máu như thế nào?Uống thuốc giảm mỡ máu loại gì và uống được bao nhiêu tháng?Chế độ ăn kiêng và tập thể dục như thế nào?Tăng Lipid máu là bệnh liên quan đến rối loạn chuyển hóa. Nguyên nhân có thể do chế độ ăn, sinh hoạt cũng có thể do yếu tố di truyền và có thể đi kèm với các bệnh lý tim mạch, tiểu đường, gút. . . . Tăng lipid máu có thể gây ra nhiều biến chứng nguy hiểm như: Xơ vữa mạch máu gây nhồi máu cơ tim, tai biến mạch não, cơn đau thắt ngực, đau đầu, . . . . . Các bệnh lý liên quan đến tuyến nội tiết triệu chứng thường khá mờ nhạt, mơ hồ và thường chỉ làm xét nghiệm mới chẩn đoán được. Do vậy, trường hợp của bạn nên đến bệnh viện gặp bác sĩ chuyên khoa Tim mạch để được chẩn đoán tư vấn và hướng dẫn điều trị một cách cụ thể bạn nhé"
Da đầu nổi mụn kèm rụng tóc là dấu hiệu của bệnh gì?,"Một người khỏe mạnh có thể rụng từ 50 đến 100 sợi tóc/ngày. Sau khi tóc rụng một lượng tóc mới sẽ được mọc lên để thay thế, bù lại số lượng sợi tóc đã bị rụng để đảm bảo độ dày ổn định cho mái tóc. Khi lượng tóc rụng lớn hơn 100 sợi/ ngày thì được gọi là bệnh rụng tóc. Theo thông tin mô tả, bác sĩ chẩn đoán bạn bị rụng tóc và viêm nang lông. Rụng tóc thường liên quan đến một hoặc nhiều yếu tố sau đây:Tiền sử gia đình (di truyền): Nguyên nhân phổ biến nhất của rụng tóc nam là di truyền, gây ra hói đầu. Đôi khi nguyên nhân này cũng gặp ở một số trường hợp rụng tóc nữ. Tình trạng này thường xảy ra song song với lão hóa và gần như có thể dự đoán được hình thái của tóc qua thời gian (xuất hiện các đốm hói đối với rụng tóc nam và tóc mỏng dần đối với rụng tóc nữ);Thay đổi nội tiết tố và bệnh lý: Một loạt các rối loạn liên quan đến hormone có thể gây rụng tóc vĩnh viễn hoặc tạm thời, bao gồm thay đổi nội tiết tố trong thai kỳ, sinh nở, mãn kinh và các vấn đề về tuyến giáp. Những nguyên nhân từ bệnh lý bao gồm bệnh rụng tóc từng vùng (alopecia areata), nhiễm trùng da đầu như khi nhiễm giun đũa và một hội chứng gọi là “nghiện giật tóc” (trichotillomania);Thuốc và chất bổ sung: Rụng tóc có thể gây ra do tác dụng phụ của một số loại thuốc, chẳng hạn như thuốc trị ung thư, viêm khớp, trầm cảm, thuốc dùng trong bệnh tim, huyết áp cao và thuốc trị gout;Xạ trị lên phần đầu: Tóc có nguy cơ không thể mọc lại như trước;Căng thẳng: Nhiều người gặp tình trạng tóc rụng nhiều sau khi nhận một cú sốc về thể chất hoặc tinh thần. Loại này chỉ xuất hiện tạm thời;Một số kiểu tóc và phương pháp điều trị: Những kiểu “làm tóc” lạ hoặc thắt tóc quá chặt, chẳng hạn như thắt bím tóc hoặc thắt tóc kiểu cornbow (tóc dính sát da đầu kiểu hình hạt bắp) có thể là nguyên nhân gây rụng tóc. Ngoài ra, việc áp dụng những phương pháp điều trị trên tóc (như dùng dầu nóng) tiến hành lâu dài có thể gây viêm nang lông, dẫn đến rụng tóc. Nếu để xảy ra sẹo, có thể rụng tóc vĩnh viễn.Phương pháp điều trị rụng tóc bao gồm sử dụng thuốc, phẫu thuật để kích thích mọc tóc và làm chậm rụng tóc. Bạn cần thăm khám bác sĩ chuyên khoa Da Liễu để có chỉ định xét nghiệm, chẩn đoán và điều trị cụ thể."
"Chồng tôi 61 tuổi có bệnh huyết áp trên 10 năm, gout, men gan cao. Như vậy cần chuẩn bị gì trước khi tiêm vaccine Covid-19? Chồng tôi có thuộc đối tượng hoãn tiêm không? Có phải đến bệnh viện để được theo dõi sức khỏe sau tiêm không? Tôi muốn được tư vấn rõ hơn.","Các bệnh lý mạn tính của chồng chị cần được điều trị ổn định >=3 tháng mới có thể tiêm chủng vaccine Covid-19. Nếu các chỉ số ngoài giới hạn cho phép chồng chị sẽ hoãn tiêm chủng. Khi đi tiêm chồng chị mang theo kết quả xét nghiệm gần nhất và các thuốc đang sử dụng, bác sĩ khám sàng lọc sẽ quyết định bác đủ điều kiện tiêm hay hoãn và sẽ hướng dẫn cách theo dõi chăm sóc sau tiêm cho chồng chị."
"Hiện tôi đang uống thuốc trị gout. Vậy cho hỏi, tôi có được tiêm vaccine Covid-19 bình thường không? Hay phải ngưng thuốc bao lâu mới được tiêm vaccine? Nếu chân đau, nhức có được tiêm không?","Anh/chị đang uống thuốc điều trị gout, nhưng không nói rõ là tình trạng cấp tính hay mạn tính, chỉ số acid Uric đã về mức bình thường chưa. Nếu hiện tại anh/chị đang dùng thuốc cho đợt cấp thì phải hoãn tiêm khi nào ổn định > 3 tháng mới được tiêm vaccine Covid-19."
Tôi bị gout và dị ứng thuốc điều trị gout vậy có tiêm được vaccine Covid-19 không?,"Theo bạn chia sẻ thì bạn bị dị ứng thuốc điều trị gout, chúng tôi không biết mức độ dị ứng có phải nhập viện cấp cứu hay chỉ bị nổi mẩn trên da rồi tự hết. Có hai trường hợp để bạn biết mình có thể tiêm được vaccine Covid-19 hay không gồm: - Nếu trường hợp bạn dị ứng kháng sinh mà có khó thở, có tím tái phải nhập viện thì trường hợp này chống chỉ định tiêm vaccine Covid-19 theo hướng dẫn của Bộ Y tế. - Nếu bạn chỉ bị nổi mẩn đỏ ít trên da, không cần điều trị, tự hết thì vẫn có thể tiêm vaccine Covid-19, tuy nhiên bạn cần tiêm tại bệnh viện hoặc các cơ sở y tế có đủ năng lực hồi sức cấp cứu ban đầu."
Tôi bị gout liệu có thể tiêm vaccine Covid-19 được không bác sĩ?,"Theo QĐ 2995 của Bộ Y tế thì những trường hợp bệnh mạn tính đã ổn định thì vẫn được tiêm chủng vaccine Covid-19. Vì thế nếu bệnh gout của đã điều trị ổn định, anh/chị vẫn có thể tiêm vaccine Covid-19. Khi đi tiêm chủng, anh/chị cần mang theo các hồ sơ sức khỏe liên quan đến bệnh, bác sỹ khám sàng lọc sẽ đánh gía cụ thể tình trạng sức khỏe trước khi chỉ định tiêm chủng."
Phương pháp điều trị Gout mạn tính thế nào?,"Có rất nhiều người lo lắng về biến chứng của bệnh Gout, bởi vì khi lên cơn đau của bệnh, người bệnh sẽ phải vô cùng khổ sở để chống chọi, trong khi vẫn phải kiêng khem đủ thứ. Bản chất của các hạt tophi là tinh thể urat, có khả năng làm biến dạng các khớp, do đó dần dần sẽ làm hạn chế vận động của khớp, đi lại khó khăn, nặng hơn nữa là gây tàn phế. Trong trường hợp, các hạt tophi bị vỡ sẽ khiến vi khuẩn xâm nhập khớp gây viêm khớp nhiễm khuẩn, nhiễm khuẩn huyết rất nguy hiểm.Bệnh Gout mãn tính có thể gây lắng đọng muối urat trong thận gây ra bệnh sỏi thận, do đó, có thể làm tăng nguy cơ thận ứ nước, ứ mủ dẫn đến suy thận, tăng huyết áp. Có những trường hợp chất urat còn lắng đọng ở dưới da tạo nên các u, cục gây đau và mất thẩm mỹ.Ngoài ra, biến chứng của bệnh Gout có thể xảy ra do dùng thuốc điều trị, điển hình là gây dị ứng, nhất là loại allopurinol hoặc tác dụng phụ của các thuốc chống viêm corticoid hoặc không steroid làm tổn hại đến hệ tiêu hóa, máu, thận,...Những người bị bệnh Gout có thể kiểm soát các đợt bùng phát bằng cách thăm khám và duy trì dùng thuốc, điều chỉnh chế độ ăn uống hợp lý có thể giúp giảm các triệu chứng của bệnh:Một số loại thuốc có tác dụng giảm đau và viêm giúp ngăn ngừa được các đợt bùng phát bệnh như Colchicine hay thuốc Allopurinol giúp ức chế sự hình thành acid uric, các thuốc kháng viêm không steroid, các thuốc giảm đau khác được bác sĩ cân nhắc sử dụng điều trị.Bên cạnh đó, người bệnh cần tuân thủ chế độ ăn lành mạnh, hạn chế các loại thực phẩm có hàm lượng purin cao như nội tạng động vật, hải sản, một số loại đậu, thịt,... Bỏ thuốc lá, kiêng rượu bia và các chất kích thích giúp cải thiện bệnh.Người bệnh cần luyện tập sức khỏe lành mạnh, giảm cân nếu trong tình trạng thừa cân, béo phì, uống nhiều nước và kiềm hóa nước tiểu bằng natri bicacbonat.Uống nhiều nước giúp nhanh đảo thải dịch dư thừa từ thận, giảm triệu chứng sưng và viêm.Túi chườm lạnh có thể giúp giảm sưng, đau và viêm hiệu quả.Thực hiện thăm khám định kỳ theo lịch hẹn của bác sĩ, chú ý các chỉ số nồng độ acid uric định kỳ.Giảm căng thẳng, hạn chế stress: Căng thẳng hay stress có thể dẫn đến các đợt bùng phát bệnh.Liệu pháp phẫu thuật nội soi khớp được chỉ định trong trường hợp khớp bị viêm kéo dài. Lúc này, bác sĩ có thể chỉ định phẫu thuật cắt bớt bao hoạt dịch của khớp. Đối với khớp bị hư hoàn toàn, có thể thay khớp bằng khớp nhân tạo.Các loại thuốc điều trị Gout phổ biến: Thuốc điều trị bệnh gút có thể được sử dụng để điều trị các cơn cấp tính và ngăn ngừa các đợt tấn công trong tương lai. Thuốc cũng có thể làm giảm nguy cơ biến chứng do bệnh như hạn chế sự phát triển của hạt tophi do lắng đọng tinh thể urat.Thuốc chống viêm không steroid NSAID: Các thuốc này bao gồm các lựa chọn không kê đơn như ibuprofen và naproxen sodium (Aleve), cũng như các thuốc kê đơn.Thuốc colchicine: Đây là loại thuốc giảm đau có tác dụng chống viêm hiệu quả. Tuy nhiên, thuốc có thể gây ra một số tác dụng phụ như buồn nôn, nôn và tiêu chảy, đặc biệt nếu dùng với liều lượng lớn.Thuốc corticosteroid: Một số thuốc như Prednisone dexamethasone, Solumedrol có thể kiểm soát chứng viêm và đau do bệnh Gout.Thuốc hạ acid uric máu ngăn ngừa biến chứng bệnh Gout.Trường hợp bệnh nhân chỉ xuất hiện vài đợt bùng phát bệnh mỗi năm hoặc tần suất bệnh ít thường xuyên hơn nhưng đau nhiều, bác sĩ có thể đề nghị dùng thuốc để giảm nguy cơ mắc các biến chứng của bệnh. Nếu khớp bị tổn thương hay xuất hiện các hạt tophi, bệnh nhân có thể được chỉ định sử dụng thuốc giảm mức acid uric, một số thuốc được sử dụng như:Thuốc ngăn chặn sản xuất acid uric: Các loại thuốc được gọi là chất ức chế sản sinh acid uric trong cơ thể giúp hạn chế bệnh tiến triển.Thuốc đào thải acid uric: Những loại thuốc này được gọi là uricosurics giúp tăng uric niệu cải thiện khả năng đào thải acid uric ra khỏi cơ thể.Các thuốc trong nhóm này bao gồm Allopurinol , Febuxostat.Các loại thuốc điều trị căn bệnh này có thể gây ra một số tác dụng phụ như với thuốc các thuốc chống viêm không steroid NSAID như: Đau, xuất huyết, loét dạ dày. Thuốc Colchicine có thể gây tác dụng phụ như buồn nôn, nôn và tiêu chảy, đặc biệt nếu dùng với liều lượng lớn. Thuốc corticosteroid có thể làm thay đổi tâm trạng, tăng lượng đường trong máu và tăng huyết áp. Thuốc Allopurinol có thể có phản ứng dị ứng muộn sau 2 - 3 ngày uống thuốc.Vì vậy, việc dùng thuốc cần có sự chỉ định của bác sĩ để đảm bảo đúng liều lượng, cân nhắc giữa lợi ích và nguy cơ để cho phác đồ sử dụng thuốc phù hợp nhất ở từng bệnh nhân.Cách phòng ngừa bệnh Gout hiệu quả nhất là chú ý đến chế độ ăn và sinh hoạt, nếu gia đình có người từng bị gút, bạn nên thực hiện các xét nghiệm thăm khám định kỳ bên cạnh đó cần chú ý:Kiểm soát cân nặng: Cân nặng có ảnh hưởng đến việc phát triển bệnh Gout, cân nặng hợp lý giúp giảm tình trạng tăng acid uric và giảm sức ép lên các khớp.Chế độ dinh dưỡng hợp lý: Hạn chế thực phẩm chứa nhiều purin là ưu tiên hàng đầu, bên cạnh đó cần bổ sung đủ nước và chất xơ cũng như nguồn protein từ đậu, trứng, sữa và hạn chế bia, rượu mạnh, các loại nước có gas.Lối sống lành mạnh: Tập thể dục và tham gia các hoạt động ngoài trời là một việc lý tưởng để nâng cao sức khỏe bản thân, tránh làm việc với cường độ cao gây áp lực cho sức khỏe. Mặt khác, chủ động khám sức khỏe định kỳ 6 tháng / lần để phát hiện bệnh và điều trị sớm."
Tôi bị huyết áp bình thường cao đã nhiều năm do sử dụng nhiều thuốc giảm đau khị bị cơn gout cấp. Tôi bị gout đã hơn 20 năm. Tôi tiêm vaccine Covid-19 có vấn đề gì không và nên chọn vaccine nào cho an toàn?,"Với tình trạng sức khỏe như mô tả thì anh/chị vẫn được tiêm vaccine Covid-19 theo hướng dẫn mới nhất của Bộ Y tế. Tại thời điểm khám sàng lọc trước tiêm, bác sĩ sẽ khám và đánh giá lại chỉ số về huyết áp. Bên cạnh đó anh/chị cũng nên lưu ý nếu đang trong đợt điều trị cấp của bệnh gout thì việc tiêm vaccine nên được trì hoãn lại cho đến khi kết thúc đợt điều trị. Hiện tại, Chính phủ và Bộ Y tế đang triển khai tiêm vaccine Covid-19 của AstraZeneca và với loại vaccine này anh/chị vẫn tiêm được theo khuyến cáo trên."
Nguyên nhân rụng tóc ở đỉnh đầu là gì?,"Có rất nhiều nguyên nhân gây rụng tóc, thường liên quan đến một hoặc nhiều yếu tố sau đây:Tiền sử gia đình (di truyền): Nguyên nhân phổ biến nhất của rụng tóc nam là di truyền, gây ra hói đầu. Đôi khi nguyên nhân này cũng gặp ở một số trường hợp rụng tóc nữ. Tình trạng này thường xảy ra song song với lão hóa và gần như có thể dự đoán được hình thái của tóc qua thời gian (xuất hiện các đốm hói đối với rụng tóc nam và tóc mỏng dần đối với rụng tóc nữ);Thay đổi nội tiết tố và bệnh lý: Một loạt các rối loạn liên quan đến hormone có thể gây rụng tóc vĩnh viễn hoặc tạm thời, bao gồm thay đổi nội tiết tố trong thai kỳ, sinh nở, mãn kinh và các vấn đề về tuyến giáp. Những nguyên nhân từ bệnh lý bao gồm bệnh rụng tóc từng vùng (alopecia areata), nhiễm trùng da đầu như khi nhiễm giun đũa và một hội chứng gọi là “nghiện giật tóc” (trichotillomania);Thuốc và chất bổ sung: Rụng tóc có thể gây ra do tác dụng phụ của một số loại thuốc, chẳng hạn như thuốc trị ung thư, viêm khớp, trầm cảm, thuốc dùng trong bệnh tim, huyết áp cao và thuốc trị gout;Xạ trị lên phần đầu: Tóc có nguy cơ không thể mọc lại như trước;Căng thẳng: Nhiều người gặp tình trạng tóc rụng nhiều sau khi nhận một cú sốc về thể chất hoặc tinh thần. Loại này chỉ xuất hiện tạm thời;Một số kiểu tóc và phương pháp điều trị: Những kiểu “làm tóc” lạ hoặc thắt tóc quá chặt, chẳng hạn như thắt bím tóc hoặc thắt tóc kiểu cornrow (tóc dính sát da đầu kiểu hình hạt bắp) có thể là nguyên nhân gây rụng tóc. Ngoài ra, việc áp dụng những phương pháp điều trị trên tóc (như dùng dầu nóng) tiến hành lâu dài có thể gây viêm nang lông, dẫn đến rụng tóc. Nếu để xảy ra sẹo, có thể rụng tóc vĩnh viễn.Bác sĩ tư vấn bạn cần khám bác sĩ da liễu tại bệnh viện Vinmec để có chẩn đoán và tư vấn điều trị hiệu quả bạn nhé."
"Kết quả xét nghiệm acid uric máu là 506,6 (μmol/L ) là đang mắc bệnh gì và cách khắc phục thế nào?","Acid uric là sản phẩm thoái hóa nhân purin của các acid nucleic. Các nguồn chính tạo acid uric trong cơ thể gồm:Các thức ăn, đồ uống giàu nhân purin như phủ tạng động vật, hải sản, cá, thịt, bia, rượu vang,...Các tế bào trong cơ thể khi già hóa, chết đi, nhân purin của nó bị phá hủy và tạo thành acid uric, đây được gọi là nguồn acid uric nội sinh.Acid uric được tổng hợp tại gan, thải ra khỏi cơ thể 80% qua đường nước tiểu và 20% qua đường tiêu hóa. Nếu quá trình tổng hợp và đào thải acid uric xảy ra cân bằng, lượng acid uric trong máu sẽ thuộc giới hạn bình thường. Khi nồng độ acid uric trong máu tăng cao (do lượng acid uric tạo thành nhiều hoặc khả năng đào thải của thận giảm) nếu chưa xuất hiện các triệu chứng lâm sàng, các cơn gout cấp, giai đoạn này thường gọi là “tăng acid uric máu”, chưa phải bệnh gout. Tuy nhiên, khi lượng acid uric trong máu tăng cao kéo dài sẽ lắng đọng tinh thể urat ở các khớp gây ra các đợt viêm khớp cấp hay còn gọi là cơn gout cấp. Khi đó, tăng acid uric máu đã tiến triển thành bệnh gout. Nếu acid uric lắng đọng ở thận có thể gây sỏi thận, lắng đọng ở tim sẽ gây bệnh tim mạch...Xét nghiệm acid uric được thực hiện để chẩn đoán các bệnh lý gây biến đổi nồng độ acid uric trong cơ thể. Bác sĩ chỉ định xét nghiệm acid uric để chẩn đoán bệnh gout khi bệnh nhân có các triệu chứng lâm sàng phù hợp. Xét nghiệm acid uric máu cũng được thực hiện định kỳ để theo dõi người bệnh gout trong quá trình điều trị.Trong trường hợp của bạn nồng độ acid uric trong máu tăng cao tuy nhiên cần kết hợp với các triệu chứng lâm sàng và các xét nghiệm khác để có thể chẩn đoán chính xác tình trạng bệnh của bạn."
"Bố tôi năm nay 98 tuổi theo chứng mình nhân dân, thực tế thì bố tôi đã 105 tuổi, già yếu, khoảng 40kg, bị bệnh gút nhẹ, thấp khớp, trở trời đau khớp gối, bàn chân, tay. Viêm phế quản mãn tính, thở khò khè, uống thuốc viêm phế quản từng đợt, giảm lại ngừng, rồi uống tiếp. Ông ăn uống kém, ít ăn, uống sữa, thuốc bổ, cố gắng tự vệ sinh, bám thanh sắt vào buồng vệ sinh ngay sát gường. Thời tiết thay đổi đau bụng, đại tràng, chủ yếu là nằm một chỗ, không đi lại trong nhà được. Vậy có tiêm vaccine covid 19 được không?","Mẹ của anh đang có bệnh lý là hep động mạch vành trên 75% và có chỉ định đặt stent nhưng chưa đặt và thi thoảng có cơn đau tức ngực thì sẽ thuộc đối tượng tạm hoãn tiêm chủng theo hướng dẫn trong quyết định 2995 của Bộ Y tế (bệnh nền chưa kiểm soát được). Trong giai đoạn này, mẹ của anh có thể phòng bệnh bằng các biện pháp khác như thông điệp 5K của Chính phủ."
"Kết quả định lượng TSH và Acid Uric tăng, cảnh báo bệnh lý gì?","TSH (Hormone kích thích tuyến giáp) do thuỳ trước tuyến yên trước được tiết ra dưới sự kiểm soát của một hormone của vùng dưới đồi = (TRH). Khi nồng độ hormone giáp trong dòng tuần hoàn giảm xuống hay khi cơ thể phải đương đầu với tình trạng stress thực thể hay tâm thần vùng dưới đồi bị kích thích để giải phóng ra hormone gây ra giải phóng hormone hướng tuyến giáp (TRH). TRH sẽ kích thích thùy trước tuyến yên sản xuất hormone kích thích tuyến giáp ( TSH). Sau đó TSH kích thích sản xuất và giải phóng Triiodothyronine ( T3) và Thyroxin ( T4). TSH là một xét nghiệm rất có giá trị trong chẩn đoán và theo dõi bệnh lý tuyến giáp đặc biệt trong bệnh Basedow. Mục đích chính của xét nghiệm TSH là xem tuyến giáp có hoạt động như bình thường hay không, đồng thời rất có ý nghĩa chẩn đoán sớm các bệnh lý rối loạn chức năng tuyến giáp (cường giáp và suy giáp) và nguyên nhân nguồn gốc của các rối loạn, từ đó có những hướng tư vấn điều trị kịp thời và sớm để mang lại chất lượng cuộc sống tốt hơn. Tăng TSH thường gặp trong các trường hợp sau: Suy giáp tiên phát (tại tuyến giáp), Có kháng thể kháng TSH hay có tình trạng kháng lại hormone tuyến giáp. Sau cắt gần toàn bộ hay toàn bộ tuyến giáp. Cường giáp nguồn gốc tuyến yên. Sản xuất TSH lạc chỗ. Viêm tuyến giáp Hashimoto. . ."
Không gập được đầu gối điều trị như thế nào?,"Đau khớp gối có rất nhiều nguyên nhân như viêm khớp dạng thấp, thoái hóa khớp, chấn thương khớp, gút. . . Mỗi bệnh đều có phương thức điều trị khác nhau. Chị đã đi khám các cơ sở y tế chưa?  Nếu chưa đi khám thì chị nên đi để được chụp phim khớp gối, siêu âm khớp, làm xét nghiệm máu để chẩn đoán nguyên nhân gây đau khớp, từ đó sẽ có hướng điều trị thích hợp."
Nhiễm độc chì gây ảnh hưởng gì đến cơ thể và sắc mặt?,"Chì được sử dụng rộng rãi hiện nay vì có nhiều công dụng. Tuy nhiên, chì không có vai trò sinh lý đối với cơ thể mà hoàn toàn có hại cho sức khỏe. Chì vào cơ thể bằng nhiều cách và gây tác hại cho mọi lứa tuổi. Ngộ độc chì đặc biệt nguy hiểm đối với sự phát triển của trẻ nhỏ.Chì có thể nhiễm qua ăn uống, do bàn tay chưa được vệ sinh đưa lên miệng. Chì có thể nhiễm qua ăn uống, do bàn tay chưa được vệ sinh đưa lên miệng. Ở giai đoạn ngộ độc chì mới phát, bệnh nhân sẽ có một số triệu chứng như nhức đầu, bứt rứt, giảm sự tập trung, khó ngủ kéo dài, buồn nôn xảy ra vào ban đêm hoặc sáng sớm. Một số triệu chứng khác cũng có thể xảy ra như tiêu chảy, táo bón, đau cơ, giảm ham muốn. Ở giai đoạn nhiễm độc, các triệu chứng sẽ trở nên cấp tính và nặng hơn.Trẻ em ngậm, mút các đồ vật có chì. Trẻ em hấp thụ chì trong thức ăn lên tới 40-50% nhưng người lớn chỉ hấp thu 10-15%. Nếu người bệnh có chế độ ăn thiếu dinh dưỡng thì hấp thụ chì qua đường tiêu hoá sẽ tăng lên.Khi nhiễm chì, cơ thể sẽ bị ảnh hưởng nghiêm trọng: Chì gây tổn thương tế bào, làm chết tế bào thần kinh, kích thích thần kinh trung ương, chì ức chế tổng hợp hồng cầu, rút ngắn tuổi thọ của hồng cầu, vì vậy gây ra thiếu máu, làm giảm thải trừ axit uric qua nước tiểu, gây tăng axit uric và bệnh gout, chì gây tăng huyết áp do làm tăng co bóp thành mạc, chì làm giảm khả năng sinh sản ở cả nam và nữ giới, suy giảm chức năng tuyến giáp, chức năng nội tiết tuyến yên - thượng thận,...Tuy nhiên, ở trường hợp của bạn, bạn vo gạo rồi nấu thì sẽ không ảnh hưởng nhiều. Nếu bạn có biểu hiện bất thường có thể đến thăm khám bác sĩ để được điều trị kịp thời."
"Ba mẹ tôi bị cao huyết áp, tim mạch, uống thuốc thường xuyên, đã từng đột quỵ cách đây 2 năm. Riêng ba tôi còn bị gout (ít khi tái phát) và đã từng bị ung thư tuyến tiền liệt cách đây 6 năm nhưng lâu nay không thấy tái phát. Các bác sĩ cho hỏi vậy ba má tôi có nên tiêm vaccine không. Ba tôi 87 tuồi, mẹ tôi 82 tuổi.","Hiện ba mẹ của anh/chị bị huyết áp, tim mạch, từng có tiền sử đột quỵ. . . Ngoài ra, ba của anh/chị có tiền sử ung thư tuyến tiền liệt đang điều trị ổn định cách đây 6 năm, hiện đang dùng thuốc thường xuyên. Theo QĐ 2995/QĐ-BYT, trường hợp ba mẹ của anh/chị nên đến khối bệnh viện khám lại và tiêm tại bệnh viện. Ba mẹ của anh/chị đã 82 và 87 tuổi và đang có nhiều bệnh nền thì anh/chị nên cân nhắc giữa lợi ích và nguy cơ sau khi bác sĩ khám và tư vấn cụ thể sẻ quyết định có tiêm chủng hay tạm hoãn tiêm."
"Tôi bị suy thoái đốt sống cổ, đau đầu mãn tính không rõ lý do, mỡ máu, gout, men gan. Vậy xin hỏi tôi có thể tiêm vaccine Covid-19 không?","Các bệnh mạn tính nếu chưa được kiểm soát, anh sẽ tạm hoãn tiêm chủng. Nếu các chỉ số xét nghiệm trong giới hạn và bệnh mạn tính ổn định >= 3 tháng thì anh có thể tiêm chủng bình thường. Khi đi tiêm anh nên mang theo hồ sơ và các kết quả xét nghiệm để bác sĩ khám sàng lọc tư vấn cụ thể hơn."
"Tôi 43 tuổi, tiền sử bị cao huyết áp, tiểu đường tuýp II ổn định khoảng 2 năm nay. Ngoài ra còn bị gout, mỡ máu cao, gan mỡ độ 2, men gan cao. Xin hỏi có tiêm được vaccine ngừa Covid-19 không? Nếu tiêm thì quy trình theo dõi sau tiêm với những đối tượng như tôi thế nào?","Hiện nay, các bệnh lý của anh đều đã ổn định, anh có thể tiêm vaccine Covid-19 bình thường. Ngoài ra, sau khi tiêm chủng anh cần lưu ý thực hiện theo dõi các phản ứng sau tiêm theo như các hướng dẫn của Bộ Y tế và bác sĩ tại nơi anh đã tiêm chủng."
"Em 30 tuổi, bệnh nền như khuyết tật vận động, người nhỏ, số kg ít (31 kg), hở van tim động mạch chủ 2/4 (3/4 tùy từng lúc siêu âm) nhưng em cảm thấy sức khỏe cũng đang ổn định. Ngoài ra, em từng uống thuốc gout 15 ngày tại phòng khám (nhưng có vẻ liều hơi nặng nên bị nổi mề đay (không ngủ được suốt đêm vì ngứa) nên phải đi khám bệnh và được bác sĩ chẩn đoán là dị ứng. Bác sĩ cho em uống thuốc ngày thì khỏi hẳn ngứa.Bác sĩ cho em hỏi với các chi tiết trên, em có đủ điều kiện tiêm vaccine Covid-19 hay không vì lợi ích của tiêm vaccine đối với người dễ bị tổn thương là rất lớn. Em dự tính tiêm vaccinesẽ nhập viện luôn 3-7 ngày có an toàn cho em không ạ?","Với tiền sử bệnh lý tim mạch và dị ứng Allopurinol/ Etoricoxib thì theo QĐ 2995 BYT ngày 18/6/2021, anh, chị sẽ tiêm phòng tại bệnh viện hoặc cơ sở y tế đủ năng lực hỗ trợ cấp cứu. Anh/chị cần liên hệ với nơi cư trú gần nhất hoặc cơ quan công tác về việc chọn lựa địa điểm tiêm chủng nào theo thông báo từ Bộ Y tế hoặc CDC địa phương."
"Chào bác sĩ,
Em bị tăng tiết mồ hôi, nhất là vùng mặt và ngực ra rất nhiều. Bác sĩ cho em hỏi tăng tiết mồ hôi ở vùng mặt và ngực có điều trị được không? Em cảm ơn bác sĩ.","Chào bạn,
Để trả lời câu hỏi trên, bác sĩ xin giải đáp như sau:
Tăng tiết mồ hôi nguyên phát thường do rối loạn chức năng của hệ thống thần kinh thực vật (cường giao cảm) gây nên; Yếu tố tinh thần, cảm xúc (lo âu, căng thẳng), sử dụng rượu bia, cà phê, thiếu ngủ là những tác nhân kích hoạt tuyến mồ hôi hoạt động mạnh hơn.
Tăng tiết mồ hôi thứ phát xảy ra sau khi mắc một số bệnh lý như đái tháo đường, cường giáp, bệnh gút, ung thư, nhiễm trùng, béo phì hoặc phụ nữ trong thời kỳ mãn kinh; tùy từng người, có biểu hiện tăng tiết mồ hôi vị trí khác nhau (nách, bàn tay, ngực...).
Bạn có thể điều trị bằng thuốc hoặc phẫu thuật; bạn nên đến bệnh viện khám chuyên khoa nội, ngoại lồng ngực để xác định nguyên nhân và tìm phương thức điều trị phù hợp.
Trân trọng!"
"Chào bác sĩ,
Em đi xét nghiệm máu và nhận kết quả nồng độ axit uric rất cao (532). Em rất lo lắng về vấn đề này. Vậy bác sĩ cho em hỏi nồng độ axit uric cao có ảnh hưởng gì? Em cảm ơn bác sĩ.","Chào bạn,
Để trả lời câu hỏi trên, bác sĩ xin giải đáp như sau:
Axit uric là sản phẩm chuyển hóa cuối cùng của base có nitơ nhân purin (adenin và guanidine) của axit nucleic, hình thành chủ yếu ở gan và được đào thải qua thận, với nồng độ axit uric toàn phần được duy trì bởi sự cân bằng giữa quá trình tổng hợp và quá trình đào thải. Các nguồn chính tổng hợp axit uric trong cơ thể người là các thức ăn có chứa purin và từ nguồn axit uric nội sinh do thoái biến các axit nucleic của cơ thể. Axit uric thải trừ qua hai con đường chính là nước tiểu và qua đường tiêu hóa. Tăng quá mức axit uric trong huyết thanh có thể gây nên tình trạng lắng đọng tại các khớp và mô mềm gây bệnh gout, gây nên một quay vòng tế bào gây chậm trễ bài tiết axit uric qua thận dẫn đến tăng nồng độ axit uric máu. Lượng axit uric nước tiểu tăng quá mức có thể bị kết tủa và hình thành sỏi urat trong hệ tiết niệu.
Thực tế, có rất nhiều các loại thực phẩm có chứa một lượng purin cao, nếu con người ăn chúng quá nhiều thì có thể góp phần vào việc làm tăng axit uric trong máu. Các loại thực phẩm có thể là nội tạng động vật, gia cầm, thịt đỏ, cá, cá mòi, nấm men, cá cơm, bia,... Mặt khác, việc ăn kiêng quá mức, tập thể dục vất vả cũng có thể làm tăng axit uric máu và giảm bài tiết, vì cơ thể sẽ tự phân hủy năng lượng trong khi thận không thể bài tiết axit uric hiệu quả. Tăng thứ phát có liên quan đến rất nhiều tình trạng bao gồm suy thận, các bệnh tăng sinh tủy (Myeloproliferative Diseases), bệnh tán huyết, bệnh vẩy nến, đa hồng cầu, bệnh dự trữ glycogen type 1, nghiện rượu, nhiễm độc chì, chế độ ăn giàu purin, nhịn ăn, đói và hóa trị liệu.
Giá trị tham chiếu của xét nghiệm axit uric máu trên người khỏe mạnh:
Nam: 208.3 - 428.4 μmol/L
Nữ: 154.7 - 357.0 μmol/L
Như vậy nồng độ axit uric máu của bạn đang ở ngưỡng cao. Bạn nên đi khám bác sĩ chuyên khoa Nội để được khám lâm sàng cũng như tư vấn các xét nghiệm chuyên sâu hơn cũng như điều trị bằng thuốc nếu cần thiết. Ngoài ra, bạn có thể phòng ngừa bệnh tăng axit uric máu bằng chế độ ăn lành mạnh nhiều rau xanh, ít mỡ động vật, giảm thức ăn chứa nhiều purin, tập luyện thể dục đều đặn ít nhất 30 phút mỗi ngày, 5 ngày mỗi tuần. Hạn chế rượu bia.
Trân trọng!"
"Chào bác sĩ,
Sau khi xét nghiệm máu, cháu có kết quả số lượng bạch cầu tăng 14,13G/L, số lượng bạch cầu trung tính là 9,0 G/L, số lượng bạch cầu Monocyte là 0.6 G/L, số lượng bạch cầu Lymphocyte là 4,4 G/L còn axit uric tăng 439 mmol/l. Vậy bác sĩ cho em hỏi kết quả xét nghiệm máu như thế nào là bất thường? Cháu có phải kiểm tra gì về sức khỏe không? Cháu cảm ơn bác sĩ.","Chào bạn,
Để trả lời câu hỏi trên, bác sĩ xin giải đáp như sau:
Kết quả xét nghiệm tổng phân tích tế bào máu của bạn có số lượng bạch cầu tăng (bao gồm cả bạch cầu hạt trung tính và bạch cầu lymphocyte). Trường hợp kết quả như vậy thường là do cơ thể bị nhiễm trùng hoặc có tình trạng viêm nhiễm ở một phận nào đó trong cơ thể. Ngoài ra, số lượng bạch cầu tăng có thể gặp trong trường hợp tăng bạch cầu mạn ác tính,...Bạn nên đi khám bệnh tổng thể để tìm nguyên nhân chính xác.
Axit uric máu tăng có thể do nguyên nhân chế độ ăn nhiều purine như phủ tạng động vật, tôm, hải sản,...uống nhiều rượu bia, bệnh suy thận các bệnh lý gây hủy hoại tế bào quá mức như các bệnh lý ác tính,...do sử dụng các thuốc như corticoid, thuốc lợi tiểu (furosemid), thuốc chống lao,...Bạn xem chế độ ăn uống của bạn có nhiều purin không, nếu có cần điều chỉnh theo hướng ăn nhiều rau xanh và giảm thức ăn chứa nhiều purine và kiểm tra lại axit uric sau thời gian điều chỉnh chế độ ăn từ 1 đến 3 tháng. Khám sức khỏe tổng quát để các bác sĩ cho lời khuyên kịp thời.
Trân trọng!"
"Chào bác sĩ,
Em có đi hiến máu được 3 lần, lần thứ 4 đi hiến thì bác sĩ bảo không hiến được vì máu chứa nhiều huyết tương do ăn nhiều đạm. Vậy bác sĩ cho em hỏi máu chứa nhiều huyết tương do ăn nhiều đạm có nguy hiểm không? Tình trạng của em có cần điều trị gì không? Chế độ sinh hoạt ăn uống cần thay đổi không? Cháu cảm ơn bác sĩ.","Chào bạn,
Để trả lời câu hỏi trên, bác sĩ xin giải đáp như sau:
Bác sĩ hiểu có thể bạn đang hỏi tình trạng máu của bạn có nồng độ đạm và mỡ cao hơn bình thường, việc điều trị thì bạn nên đi khám bệnh cụ thể. Tùy mức độ cao mà cần uống thuốc hay chỉ điều chỉnh chế độ ăn.
Nếu mức độ đạm, mỡ rất cao, kéo dài không được điều trị thì gây ra bệnh gout, bệnh gan nhiễm mỡ, giảm chức năng thận do tắc các ống thận, xơ hóa mạch vành, tăng độ nhớt máu,...Bạn lưu ý về chế độ ăn nên giảm bớt các bữa ăn có hàm lượng đạm cao.
Trân trọng!"
"Chào bác sĩ,
Em xét nghiệm có chỉ số AST là 21,87 U/L; chỉ số ALT là 50,52 U/L. Vậy bác sĩ cho em hỏi kết quả xét nghiệm AST và ALT thế nào là bình thường? Kết quả của em có đáng lo không thưa bác sĩ? Em cảm ơn bác sĩ.","Chào bạn,
Để trả lời câu hỏi trên, bác sĩ xin giải đáp như sau:
Đối với các xét nghiệm AST và ALT thì khoảng tham chiếu của xét nghiệm như sau:
AST (GOT): Nhỏ hơn 50 U/L với nam và nhỏ hơn 35 U/L với nữ.
ALT (GPT): Nhỏ hơn 50 U/L với nam và nhỏ hơn 35 U/L với nữ.
Như vậy, với chỉ số của bạn, AST là 21,87 U/L nằm trong giới hạn bình thường. Chỉ số ALT LÀ 50,52 U/L cao hơn giới hạn tham chiếu (50 với nam) nhưng không đáng kể.
Chỉ số ALT tăng nhẹ có thể gặp trong bệnh lý viêm gan cấp, nhẹ, bệnh gan mạn tính,do tắc nghẽn ống mật, gan nhiễm mỡ. Một số trường hợp lạm dụng rượu bia, tổn thương tim, có khối u trong gan cũng khiến nồng độ ALT tăng nhẹ. Ngoài ra, ALT tăng cũng có thể do các yếu tố không liên quan đến bệnh lý như có sử dụng thuốc, điển hình như: Thuốc chống co giật, thuốc tâm thần, thuốc ức chế lên men chuyển hóa Angiotensin, thuốc Thiazid lợi tiểu, Allopurinol, thuốc tránh thai, Acetaminophen, Trifluoperazine, Metronidazol. Một số loại thực phẩm chức năng, viên uống bổ sung khác cũng có thể khiến nồng độ ALT tăng nhẹ. Chấn thương cơ xương, tim, làm việc hay tập thể dục gắng sực, tiêm thuốc vào mô cơ cũng có thể làm tăng nồng độ ALT
Trân trọng!"
"Chào bác sĩ! Tôi bị bệnh gout và suy thận độ 2, gần đây huyết áp thấp, chỉ số huyết áp tôi đo được là 90/60. Vậy bác sĩ cho tôi hỏi duy trì chế độ ăn uống như thế nào để tăng huyết áp mà không ảnh hưởng đến bệnh gout và suy thận độ 2? Mong bác sĩ sớm tư vấn và giải đáp. Tôi xin chân thành cảm ơn!",Cảm ơn bác đã tin tưởng và gửi câu hỏi: “Duy trì chế độ ăn uống như thế nào để tăng huyết áp mà không ảnh hưởng đến bệnh gout và suy thận độ 2?” đến AI-Doctor. Mong một ngày gần nhất có thể được gặp bác và tư vấn chuyên sâu. Trân trọng!
"Chào bác sĩ! Tôi có làm xét nghiệm máu và có kết quả định lượng TSH là 5.77, chỉ số bình thường là 0.23-4.0mU/L. Định lượng Acid Uric là 509.55/ chỉ số bình thường 238-476 umo/l. Vậy bác sĩ cho tôi hỏi: “Kết quả định lượng TSH và Acid Uric tăng, cảnh báo bệnh lý gì?”. Cảm ơn bác sĩ đã tư vấn!","Chào bạn!
TSH (Hormone kích thích tuyến giáp) do thuỳ trước tuyến yên trước được tiết ra dưới sự kiểm soát của một hormone của vùng dưới đồi = (TRH). Khi nồng độ hormone giáp trong dòng tuần hoàn giảm xuống hay khi cơ thể phải đương đầu với tình trạng stress thực thể hay tâm thần vùng dưới đồi bị kích thích để giải phóng ra hormone gây ra giải phóng hormone hướng tuyến giáp (TRH). TRH sẽ kích thích thùy trước tuyến yên sản xuất hormone kích thích tuyến giáp ( TSH). Sau đó TSH kích thích sản xuất và giải phóng Triiodothyronine ( T3) và Thyroxin ( T4).
TSH là một xét nghiệm rất có giá trị trong chẩn đoán và theo dõi bệnh lý tuyến giáp đặc biệt trong bệnh Basedow.
Mục đích chính của xét nghiệm TSH là xem tuyến giáp có hoạt động như bình thường hay không, đồng thời rất có ý nghĩa chẩn đoán sớm các bệnh lý rối loạn chức năng tuyến giáp (cường giáp và suy giáp) và nguyên nhân nguồn gốc của các rối loạn, từ đó có những hướng tư vấn điều trị kịp thời và sớm để mang lại chất lượng cuộc sống tốt hơn.
Tăng TSH thường gặp trong các trường hợp sau:
Suy giáp tiên phát (tại tuyến giáp)
Có kháng thể kháng TSH hay có tình trạng kháng lại hormone tuyến giáp
Sau cắt gần toàn bộ hay toàn bộ tuyến giáp
Cường giáp nguồn gốc tuyến yên
Sản xuất TSH lạc chỗ
Viêm tuyến giáp Hashimoto..."
"Chào bác sĩ. Tôi bị đau nhức toàn thân 12 năm rồi, đau nhất là hai bàn chân và hai bàn tay, đau nhức 24/24 quanh năm suốt tháng và cũng đi khám nhiều nơi cũng chưa tìm ra nguyên nhân gây đau nhức.
Điều quan trọng là tôi cũng bị viêm họng, viêm amidan từ lúc đó tới bây giờ. Các bác sĩ khám bệnh cũng nói đau nhức toàn thân như vậy không phải do viêm họng, viêm amidan. Nhưng không hiểu sao mỗi lần họng tôi càng đau rát là toàn thân tôi càng đau nhức, hai bàn chân hai bàn tay càng đau bứt rứt rất khó chịu. Bên cạnh đó, tôi dễ bị tê bì chân nếu ngồi xổm chỉ trong khoảng 1-2 phút. Rất mong bác sĩ tư vấn giúp tôi. Chân thành cảm ơn.","Chào bạn. Vấn đề đầu tiên của bạn là tình trạng đau nhức khớp toàn thân liên tục và tăng thêm khi có viêm họng, viêm amidan cấp. Thông thường bệnh cảnh đau khớp cấp kết hợp viêm họng cấp thường nghĩ đến tác nhân Strepptococcus nhóm A, tuy nhiên thường kèm theo sốt và gây nên những đợt cấp, sau khi qua đợt cấp các triệu chứng sẽ hết và có thể tái diễn sau đó.
Một số nguyên nhân khác gây tình trạng đau khớp kéo dài thường gặp là thoái hóa khớp, gout, viêm khớp tự miễn... và khi bạn bị viêm họng do tác nhân siêu vi cũng sẽ làm tình trạng các khớp đau nhức hơn. Do vậy, bạn cần khám bác sĩ chuyên khoa Nội Khớp.
Vấn đề thứ hai là tê bì chân khi ngồi xổm 1-2 phút, có thể do tư thế ngồi xổm làm gối gập sát dẫn đến việc giảm hồi lưu máu tĩnh mạch từ bàn chân về tim cũng như gây căng dãn các dây thần kinh vùng quanh gối sẽ tạo cảm giác mỏi và tê bì, biểu hiện này thường là sinh lý. Nếu các triệu chứng này nặng, làm ảnh hưởng sinh hoạt hàng ngày bạn có thể đăng ký khám bác sĩ chuyên khoa Nội Thần kinh để được tư vấn, đo điện cơ đánh giá bệnh lý thần kinh ngoại biên cũng như siêu âm mạch máu chi dưới kiểm tra tình trạng suy van tĩnh mạch chi dưới nhé.
Cảm ơn bạn đã tin tưởng AI-Doctor. Rất mong có thể gặp bạn để tư vấn cụ thể hơn."
"Kính gửi bác sĩ, em có một số triệu chứng như tăng lipid máu, hay chóng mặt, đau đầu, giảm trí nhớ, không tập trung và rụng tóc nhiều, đau điểm ở vùng lưng phải, buổi sáng dậy cổ họng hay có đờm đặc màu sẫm. Vậy bác sĩ cho em hỏi triệu chứng của em có liên quan đến các bệnh nội tiết về tuyến thượng thận, tuyến giáp hay tuyến tụy không ạ? Thời gian trước em có uống bia rượu. Bệnh tăng lipid máu em đã ăn chế độ kiêng kem hơn 1 năm nay và uống thuốc giảm lipid mà không hiệu quả ạ. Nhờ bác sĩ tư vấn. Xin cảm ơn bác sĩ! E","Chào bạn. Không biết bạn bao nhiêu tuổi? Chỉ số tăng lipid máu như thế nào? Uống thuốc giảm mỡ máu loại gì và uống được bao nhiêu tháng? Chế độ ăn kiêng và tập thể dục như thế nào?
Tăng Lipid máu là bệnh liên quan đến rối loạn chuyển hóa. Nguyên nhân có thể do chế độ ăn, sinh hoạt cũng có thể do yếu tố di truyền và có thể đi kèm với các bệnh lý tim mạch, tiểu đường, gút....
Tăng lipid máu có thể gây ra nhiều biến chứng nguy hiểm như: Xơ vữa mạch máu gây nhồi máu cơ tim, tai biến mạch não, cơn đau thắt ngực, đau đầu,.....
Các bệnh lý liên quan đến tuyến nội tiết triệu chứng thường khá mờ nhạt, mơ hồ và thường chỉ làm xét nghiệm mới chẩn đoán được.
Do vậy, trường hợp của bạn nên đến bệnh viện gặp bác sĩ chuyên khoa Tim mạch để được chẩn đoán tư vấn và hướng dẫn điều trị một cách cụ thể bạn nhé."
"Chào bác sĩ, chỉ số định lượng CRP ở mức 40.6 có nguy hiểm gì không? Mong bác sĩ tư vấn.","Chào bạn. CRP (C-reactive protein) là một glycoprotein được gan sản xuất có đặc điểm là kết tủa với polysaccharid C của phế cầu. Bình thường, không thấy protein này trong máu. Tình trạng viêm cấp cùng với phá hủy mô trong cơ thể gây giải phóng ra một số chất (như các interleukin 1 và 6) sẽ kích thích sản xuất và gây tăng nhanh nồng độ CRP trong huyết thanh (Vì vậy, được gọi là protein phản ứng pha cấp-Acute-Phase Reactant protein). Khi tình trạng viêm cấp kết thúc, CRP nhanh chóng mất đi.
CRP được coi như một chỉ dấu phản ánh sự hoạt hóa phản ứng viêm hệ thống. Nồng độ CRP máu có thể tăng lên rất nhanh từ mức giá trị nền bình thường lên mức cao tới 50 mg/dL như một biểu hiện đáp ứng viêm không đặc hiệu của cơ thể đối với nhiễm trùng và chấn thương. Hiện CRP đang được sử dụng dưới 2 tên xét nghiệm (CRP và CRP hs), do chúng được thực hiện bởi 2 kỹ thuật khác nhau:
Xét nghiệm CRP (Tiêu chuẩn/Standard): dải đo rộng (0.2- 480 mg/L), phù hợp để đánh giá các trường hợp viêm, nhiễm trùng, phá hủy/tổn thương mô lớn, bệnh viêm hệ thống (ví dụ: Viêm đa khớp dạng thấp, lupus ban đỏ,...)
Xét nghiệm CRP hs (hs –high sensitive/độ nhay cao): Định lượng CRPhs là phương pháp định lượng CRP có độ nhạy cao (High sensitive), có khả năng xác định được chính xác nồng độ CRP ở mức thấp mà định lượng CRP tiêu chuẩn không thực hiện được. CRPhs hữu ích trong việc chẩn đoán nguy cơ mắc bệnh tim mạch (ở người có nguy cơ cao như bị bệnh cao huyết áp, tiểu đường, tăng acid uric máu,...).
Cảm ơn bạn đã tin tưởng AI-Doctor. Rất mong có thể gặp bạn để tư vấn cụ thể hơn!"
"bác sĩ cho e hỏi: e bị bệnh gút khoảng 8 năm, do cviec nên có uống rượu bia và thỉnh thoảng bị đau nhức ở ngona chân cái và đã hình thành các hạt tophi nen e muốn đi khám ở bệnh viện nào chuyên điều trị ạ","Chào bạn, cám ơn bạn đã gửi câu hỏi
   Gút là bệnh lý cơ xương khớp khá phổ biến, diễn tiến mạn tính, điều trị chủ yếu là hạn chế triệu chứng, biến chứng. Bạn có thể đến khám và điều trị ở các bệnh viện có chuyên khoa cơ xương khớp đều được. Bên cạnh đó cần hạn chế bia rượu, các loại thịt đỏ, ăn thêm rau xanh trái cây, uống đủ nước...
Chúc bạn nhiều sức khoẻ - Thân chào bạn"
"Tôi là nam, 36 tuổi, khoảng tầm 1 năm nay tôi thường hay bị đau sưng tấy các khớp chân, tay đầu gối, các ngón, vậy cho tôi hỏi đó là triệu chứng của bệnh gì ạ?","chào anh, ở độ tuổi của anh mà đau các khớp lên đến một năm rồi thì có rất nhiều bệnh lý liên quan đến viêm khớp mà anh có thể mắc phải như viêm khớp dạng thấp, viêm khớp tự miễn, viêm khớp gout,...
Để chẩn đoán những bệnh lý này cần khám trực tiếp, chụp phim và làm các xét nghiệm mới có thể chẩn đoán và điều trị được.
Do đó anh nên sắp xếp thời gian đi khám sớm nhất có thể anh nhé.
Thân mến"
em bi Gout và hồng cầu bi hụt thì co tiêm vaccine của Trung Quốc được không ạ?,"Chào bạn 
cảm ơn bạn gửi câu hỏi đến AI-Doctor
Tình trạng của bạn bệnh gout không phải ở đợt cấp mà ổn định. Nếu đợt cáp, đang đau nhiều,bạn cần điều trị ổn định rồi tiêm vacxin sau.
Về vấn đề thiếu hồng cầu
 Để cẩn thận, Bạn nên xét nghiệm công thức máu để xem ngoài thiếu hông cầu, có thiếu yếu tố nào nữa không, mức độ thiếu hồng cầu ra sao? Nếu thiếu chắc hồng cầu, mức độ nhẹ, thì không sao, bạn tiêm bình thường bạn nhé. Sau tiêm nên ăn uống, bổ sung sắt để tạo máu được tốt hơn.
Các nguyên nhân ở trên không phải chống chỉ định trong tiêm vacxin covid bạn nhé, nên bạn cũng đừng quá lo lắng.
Trân trọng!"
"Chào bác sĩ!
Bác sĩ tư vấn giúp mai tôi đi tiêm vacxin covid mà hôm nay lại bị gút cấp thì có sao không ạ?
Có uống được Colchicil không?
Cảm ơn bác sĩ!","Chào anh, anh nên uống colchicin 1 viên và nếu chưa giảm đau thì có thể dùng thêm panadol nhé. Ngày mai tại cơ sở tiêm các bác sĩ sẽ kiểm tra thêm cho anh để xét tiêm vacxin nhé. Chúc anh nhiều sức khoẻ và an toàn giữa đại dịch!"
"tôi thường xuyên chơi thể thao ,môn bóng chuyền vào buổi chiều. cũng thường xuyên nhậu lâu lâu tôi hay bị đau các chỗ như đầu gối, cùi chỏ nhưng ko chấn thương, ko biết nguyên nhân ra nhà thuốc thì người ta bán cho một liều là hết đau liền. vậy xin hỏi bác sĩ tôi bị gì vậy. xin cảm ơn","chào bạn: khi bạn vận động như vậy có bị đau như vậy thường nguyên nhân khóp bạn vận động quá sức, hay như có nhiều trường hợp thiếu canxi cũng gây đau như vậy! bạn tự ý ra nhà thuốc mua thuốc uống 1 liều khỏi là rất nguy hiểm bạn nhé! thuốc đó thường có tác dụng phụ! và bạn cũng nên đi khám loại trừ nguyên nhân gút nữa bạn nhé thân ái chào bạn"
"Thưa bác sỹ em không nhậu, không hút thuốc, gia đình có truyền thống bị GOUT (ông nội - Ba).
Một năm trước e đi khám sức khoẻ thì thấy GGT men gan cao (100 so với bình thường dưới 50 U/l) nhưng em không quan tâm nên để đại.
Một tháng trước em xét nghiệm tăng Cholesterol  5.9 ( dưới 5.2 bình thường), Triglycerid 2.5 ( dưới 1.88 bình thường), LDL-C 3.6 ( dưới 3.4 bình thường), GGT 108 ( dưới 50 u/l binh thường), Acid uric 619 (bt dưới 420 umol/l). Em thấy vậy nên ăn nhiều cá hồi, cá ngừ, tập thể dục, uống Naturen Z của Dược Hậu Giang thì sau 1 tháng:
- Cholesterol, LDl C về mức bình thường, nhưng Triglycerid vẫn giử nguyên 2.5 
- Men gan giảm từ 108 còn 81 em đang uống tiếp Naturen Z.
- Acid uric vẫn như vậy.
em cần hỏi các vấn đề sau ạ:
- Làm thế nào để chỉ số Triglycerid giảm về bình thường ạ? có cần phải uống thuốc không ạ?
- Men gan em uống Naturen Z cho về mức an toàn là ổn phải không ạ?
- Acid uric em tăng cũng mấy năm nay mà chưa thấy đau nhức khớp biểu hiện bệnh Gout thì để đại vậy hay uống thuốc cho nó về mức bình thường ạ? e cũng từng được bs cho uống Allopurinol 2 tháng thì nó giảm sau đó cũng tăng lại. Mà uống thuốc hoài thì không tốt.
Em cảm ơn ạ.","chào bạn: nhiều trường hợp tăng aicd uric cũng chưa được chẩn đoán là gút bạn nhé! có thể do bạn rối loạn chuyển hoá cơ thể theo cơ thể bạn! và có thể là gen , điều quan trọng bạn phải giảm ăn cả thực phẩm giàu chất đạm! bạn ăn nhiều rau giảm ăn đạm mỡ động vật! cũng như thể dục mấy có thể giúp bạn giảm được bạn nhé! thân ái chào bạn!"
"Chào bác sĩ.em bị sỏi thận 5mm cả 2 bên
Nhưng gần đây đi khám thì bị loãng xương nhẹ.có lấy thuốc bổ sung canxxi .
Vậy cho e hỏi sử dụng thuốc bổ sung canxi có làm sỏi thận nặng thêm không ạ.
Thuốc là : CALCIUM CORBIERE + ARONAT BOSTON","Chào bạn, cảm ơn câu hỏi của bạn.
Bạn bị sỏi thận 2 bên 5mm, nhưng gặp tình trạng loãng xương nhẹ và được bác sĩ kê toa 2 loại thuốc là Calci corbiere và Aronat Boston. Sỏi thận là do sự kết tinh của một số thành phần trong nước tiểu, tuỳ vào thành phần nào bị kết tinh mà sỏi có bản chất khác nhau như sỏi axit uric, sỏi oxalate, sỏi calci... Do đó việc bổ sung Calci dưới dạng thuốc và thực phẩm chức năng có thể làm tăng lắng đọng sỏi Calci, tuy nhiên nếu bạn bị sỏi axit uric, sỏi oxalate thì việc bổ sung Calci không gây ảnh hưởng nhiều đến kích thước sỏi. Sỏi 5mm nếu không gây triệu chứng có thể chờ đợi sỏi tự đào thải qua đường tiểu do đó bạn cần uống nhiều nước, tập thể dục nhẹ nhàng để kích thích thải sỏi ra ngoài. Việc bổ sung Calci qua đường thức ăn thường ít ảnh hưởng đến sự phát triển và hình thành sỏi. Để được tham vấn cụ thể về chế độ ăn và bổ sung Calci bạn nên đến cơ sở y tế có chuyên khoa thận niệu, cơ xương khớp. Lưu ý cho bạn khi dùng 2 thuốc trên, bạn nên uống Calci corbiere sau Aronat Boston ít nhất 30 phút, để thuốc đạt hiệu quả. 
Chúc bạn mạnh khoẻ."
"Xin chào bác sĩ, bố của cháu bị gan nhiễm mỡ nhẹ và bị gút cấp thì nên và k nên ăn thực phẩm gì để tốt cho.sức khỏe ạ, gan nhiễm mỡ nhẹ ăn uống điều độ có khỏi được không (bố cháu k dùng thuốc)
Cháu cảm ơn bác sĩ!","Chào em.
Chế độ ăn uống của người tăng acid uric máu và bệnh gout
1. Không dùng
 Không uống nhiều rượu mạnh. Không ăn các thức ăn chứa nhiều purine như: phủ tạng động vật: tim, gan, thận, lá lách, óc..., hột vịt, gà lộn, trứng cá, cá trích, cá đối, cá mòi. Không ăn mỡ động vật, không ăn đường. 
2. Dùng hạn chế
Hạn chế protid (<1g protein/kg/ ngày tương đương < 200g thịt nạc mỗi ngày). 
Không ăn nhiều (vừa phải, điều độ) đồ biển (tôm, cua…). 
Không ăn nhiều (vừa phải, điều độ) các loại đậu hạt, măng tây. 
Không ăn nhiều (vừa phải, điều độ) chocolate, cacao, trà, cà phê.
3.Dùng nhiều
Các loại rau xanh, trái cây tươi.
Uống nhiều nước, nước khoáng có bicarbonate, nước sắc lá xakê.
Các loại ngũ cốc.
Sữa, trứng.
Chế độ sinh hoạt
Chống béo phì.
Tăng cường vận động.
Tránh stress, tránh gắng sức, tránh lạnh đột ngột…
Vấn đề gan nhiễm mỡ nhẹ nên điều chỉnh trước bằng chế độ ăn nhiều rau, hạn chế dầu mỡ, nhất là mỡ động vật. Tuy nhiên cần xét nghiệm bộ mỡ máu để có đánh giá tổng thể ban đâu.
Thân ái."
"Xin chào bác sĩ,
Người bệnh thận độ 4 chế độ ăn nên như thế nào ạ?","Chào bạn,
Bệnh thận là khái niệm dùng để chỉ có tổn thương thận, có thể là cấp tính hoặc mạn tính. Với bệnh thận độ 4 nếu trong trường hợp bệnh cấp tính thì bệnh có thể thuyên giảm trong 1 thời gian và giảm độ thậm chí khỏi hoàn toàn khi chức năng thận hồi phục.
Với bệnh thận mạn đã xác định suy thận độ 4 thì bệnh nhân sẽ phải chạy thận nhân tạo ( mức lọc cầu thận dưới 15ml / phút) hoặc thực hiện các biện pháp thay thế thận khác như lọc màng bụng hay ghép thận. Không rõ bạn đang hỏi về bệnh thận mạn tính hay cấp tính.
Trong trường hợp này trước tiên nên ăn chế độ ăn như sau: 
- Đầy đủ chất dinh dưỡng.
- Hạn chế các thức ăn chứa nhiều kali như chuối, dưa hấu, dưa tây, cam, quýt, xoài, nhãn, khoai tây, cà chua, trái bơ, kiwi, trái đào, các loại trái cây khô, hạt rang, các loại rau có màu xanh đậm và các loại nước ép trái cây.
- Nếu là bệnh mạn thì hạn chế nước, nếu là thận cấp thì tùy vào khả năng đi tiểu mà cung cấp nước khác nhau. Cùng với nước là lượng muối cung cấp vào hàng ngày.
- Tránh dùng các thuốc làm nặng thêm tổn thương thận 
- Ăn chế độ đủ protein nhưng cần hạn chế với bệnh nhân bệnh thận mạn tránh tình trạng làm tăng các nito phi Protein trong máu như NH3, axit uric ...
- Ngoài ra bạn có thể tham khảo thêm từ bác sỹ điều trị hay các nguồn thông tin khác.
Thân mến!"
"Xin chào bác sĩ,
Ngón chân của tôi bị sưng khá nặng và hay bị đau ngay các khóe ngón chân. Riêng ngón cái thì bị sưng tím và cảm giác đau nhiều. Tôi có uống amoxillin nhưng không khỏi. Tình trạng này đã kéo dài 2 tháng. Bác sĩ cho hỏi chân tôi gặp tình trạng này là gì. Nếu khám thì có thể khám ở đâu và chuyên khoa gì (HCM). Cám ơn bác sĩ.","Chào bạn,
Tình trạng của bạn hiện giờ không biết là tổn thương do va chạm hay tự nhiên chân bạn có biểu hiện đau như vậy. Nếu do va chạm thì có thể tổn thương này ảnh hưởng đến xương nên sau thời gian dài như vậy vẫn bị sưng và đau. Còn nếu tự nhiên bạn bị đau như vậy thì có thể là biểu hiện bệnh lý của bệnh Gout hoặc do viêm khớp nhiễm khuẩn, viêm đa khớp. 
Vì vậy bạn nên đi khám chuyên khoa thần kinh tại các bệnh viện lớn để được bác sỹ chuẩn đoán chính xác nguyên nhân và có chỉ định điều trị dứt điểm, kịp thời , không nên tự mua thuốc điều trị như vậy.
Thân mến!"
"Xin chào bác sĩ,
Tôi xin hỏi bố tôi bị phát hiện phình xoang valxava ( bệnh tim), đã uống thuốc và điều trị tại  viện tim mạch 2 năm nay , hiện tại siêu âm, chụp cắt lớp 256 dãy cho thấy túi phình đó đang to lên hơn thì liệu có phẫu thuật được không? Cảm ơn bác sỹ !","Chào bạn,
Để bố bạn có thể phẫu thuật còn phụ thuộc vào nhiều yếu tố,tình trạng sức khỏe có đủ điều kiện làm phẫu thuật không, ví dụ: 
- Bố bạn có bị cao huyết áp không?
- Hiện bác có bị suy tim không?
- Có bị một số bệnh mãn tính như tiểu đường, gout, mỡ máu cao... không?
- Sức khỏe hiện tại, bố bạn có hay bị khó thở không? Mức độ khó thở có tăng không?
Các chỉ số có bình thường và ổn định thì mới đủ điều kiện phẫu thuật. 
Tốt nhất bạn nên đưa bố đi khám và xin chỉ định từ bác sỹ chuyên khoa Tim mạch đang điều trị.
Thân mến!"
"Xin chào bác sĩ, tôi bị sỏi thận cần ăn kiêng gì không?","Chào bạn,
Thực phẩm nên ăn khi bị sỏi thận là các thực phẩm giàu canxi như các sản phẩm từ trứng, sữa, các chế phẩm từ sữa như sữa chua, váng sữa, ..
Người bệnh sỏi thận nên uống nhiều nước để thanh lọc cơ thể, giúp thải các chất dư thừa hình thành sỏi trong cơ thể tuy nhiên nếu có bệnh lý tim mạch thì không nên áp dụng chế độ này.
Ngoài ra, nên tránh ăn các thực phẩm sau:
-Rau: Những loại rau có hàm lượng oxalat cao bao gồm: cần tây, tỏi tây, đậu bắp, củ cải, đậu, rau cải, khoai lang, đậu xanh, bí, cải xoăn, rau bina, cải xoong, ớt, cà tím, đậu tương. Các loại rau làm tăng axit uric bao gồm đậu, súp lơ, rau bina, măng tây và nấm. 
-Trái cây: Trái cây có hàm lượng oxalat cao bao gồm quả việt quất, quýt, dâu tây, quả mâm xôi, nho đỏ, vỏ cam quýt. 
-Thực phẩm nhiều protein: Các thực phẩm làm tăng axit uric bao gồm: Cá trích, cá mòi, cá cơm, nội tạng động vật bao gồm cả gan và lá lách. Cần hạn chế sò điệp vì chúng giàu canxi. Những người đang điều trị bệnh sỏi thận cần hạn chế số lượng thịt tiêu thụ mỗi bữa ăn. 
- Đồ uống giàu oxalat bao gồm cà phê, bia, ca cao và nước chè. Socola, đậu phụ, mùi tây, hẹ, mầm lúa mì cũng cần ăn kiêng. 
-Người bị sỏi thận cũng nên kiêng nội tạng động vật, các loại thực phẩm làm tăng axit uric bao gồm nấm men, nước thịt, nước dùng xương và đồ uống có cồn. Người bệnh cũng cần kiêng các thực phẩm chứa nhiều muối như thực phẩm chế biến sẵn hoặc thức ăn có chứa nhiều chất béo. 
Thân mến!"
"Xin chào bác sĩ,
Tôi năm nay 27 tuổi. Có tập thể hình thường xuyên. Hai tháng gần đây cơ thể xuất hiện đau nhưc gót chân, ngón chân ngón tay. Cơ thể nhạy cảm với va đập. Chỉ cần va nhẹ cũng đủ đau cả tuần. Tôi đã đi khám và xét nghiêm như sau:
Acid uric bình thường, x-quang và siêu âm tim phổi bình thường, máu lắng bình thường. Điện tâm đồ thấy block nhânh phải.
Tuy nhiên, chỉ số ASOL là 238 UI/ml, trong phân có helicobacter Pylori.

Xin bc sỹ hãy tư vấn giúp tôi có nguy cơ mắc bệnh gì và phương hướng chữa trị. Liệu có cần các xét nghiệm nào bổ sung ko ạ? 

Xin cảm ơn bác sỹ.","Chào bạn. 
ASLO (antistrptolysin O) là xét nghiệm huyết thanh đo lượng kháng thể kháng liên cầu khuẩn xuất hiện trong máu.
- ASLO được sử dụng để chẩn đoán viêm khớp, thấp khớp, thấp tim, nhiễm trùng liên cầu. 
- Các kháng thể được cơ thể tạo ra để chống lại liên cầu nhưng đồng thờ lại gây ngưng kết chéo với tổ chức ở khớp, tim do đó gây thấp khớp, thấp tim sau nhiễm liên cầu.
- Nồng độ bình thường của antistrptolysin O trong máu : 0 - 200 U/mL
Aslo tăng cao có thể bạn đã bị viêm nhiễm. Nếu cần bạn có thể đi chụp khớp. 
Ngoài ra trong phân bạn có Helicobacter pylori, Nhiều người bị nhiễm H. pylori không bao giờ có bất kỳ dấu hiệu hoặc triệu chứng và không bao giờ phát triển các biến chứng. Những người khác sẽ phát triển các biến chứng nghiêm trọng.
Bạn nên đi soi dạ dày , lấy dịch dạ dày để xét nghiệm HP trực tiếp để xem vi khuẩn HP có ảnh hưởng đến dạ dày gây viêm dạ dày hay không ? Nhiễm H. pylori là một yếu tố nguy cơ mạnh cho một số loại ung thư dạ dày, bao gồm adenocarcinoma và niêm mạc dạ dày - mô liên kết, ung thư hạch bạch huyết ... 
Thân mến."
"Xin chào bác sĩ, tôi năm nay 55t trước đây tôi có bị bệnh GUT nhưng gần đây có đỡ nhiều , những khi ngủ dậy tôi bị cứng hết các khớp xương cố gắng một lúc thì mới đi lại được . xin bác sỹ cho biết tôi phải làm gì và phải uống gi để hết được bệnh đó . xim cảm ơn","Chào bạn,
Điều trị Gout rất khó. Vì vậy tình trạng bệnh có đỡ đi nhưng có thể do chế độ ăn của anh không hợp lý vẫn gây đau khớp.
Anh nên bổ sung các thực phẩm chức năng để cải thiện chức năng xương khớp như : Glucosamin, sụn cá mập.
Ngoài ra có thể dùng phương pháp Đông y : Ngải cứu + kinh giới + muối rang nóng chườm vào chỗ đau thường xuyên. Phương pháp này rất hiệu quả.
Thân mến!"
"Xin chào bác sĩ,tôi năm nay 40 tuổi. Bị gout đã 2 năm. Đi khám nhiều nơi và uống thuốc nhưng vẫn không hiệu quả. Tôi muốn hỏi bác sĩ liệu bệnh của tôi có cách nào khỏi đc k ạ??","Chào bạn
Gút là 1 bệnh khớp liên quan đến rối loạn chuyển hóa nhân purin trong protein. Bệnh mạn tính và không có biện pháp điều trị triệt để. Chính việc bạn uống quá nhiều loại thuốc, không theo 1 phác đồ chuẩn nào và dừng thuốc, đổi thuốc bất hợp lý có thể là nguyên nhân khởi phát nhiều cơn gút cấp hơn.
Điều trị gút bao gồm nhiều bước:
- Điều trị cơn gút cấp
- Điều trị phòng cơn gút cấp
- Điều trị gút mạn
- Điều trị biến chứng của gút mạn.
Tôi không rõ bạn đã sử dụng các loại thuốc như thế nào và đạt được mức nào trong các bước trên. Nhưng để hạn chế bệnh thì cần 1 sự phối hợp rất tốt giữa bệnh nhân và thầy thuốc, tránh tình trạng uống quá nhiều loại thuốc mà hiệu quả lại không có. bạn nên đến bệnh viên có chuyên khoa khớp (như Bạch Mai) để được điều trị hợp lý.
Ngoài ra, để phòng tránh Gout , bạn nên :
 - Duy trì cân nặng hợp lý , tuy nhiên không nên nhịn đói để giảm cân nhanh sẽ khiến tăng axit uric trong máu. 
- Tránh ăn nhiều đạm động vật như thịt bò, thịt chó, hải sản, nội tạng động vật
- Hạn chế rượu bia, chất kích thích, đặc biệt là bia sẽ làm tăng acid uric rất nhanh
- Ăn uống nhiều nước, chất lỏng. 
Thân mến."
"Kính chào bs! Ba em năm nay 60 tuổi, mắc bệnh gout và tiểu đường đã nhiều năm. Hiện ba vẫn điều trị điều đặn bằng thuốc + chích (đối với tiểu đường). Huyết áp, tim mạch của ba ổn định nhưng men gan cao (hiện nay là gấp đôi, lúc trước cao nhất từng là gấp 7 lần chỉ số cho phép) nhưng không có tổn thương thực thể gì khi khám gan. Ngoài điều trị bằng thuốc em cũng quan tâm đến một số thực phẩm chức năng hỗ trợ. Kính hỏi bs với tình trạng hiện nay thì ba em có thể dùng tỏi đen, nấm linh chi và đông trùng hạ thảo được ko? Chúng có tương tác xấu gì với nhau hoặc với thuốc tây ko ạ? Muốn phối hợp chúng thì dùng với liều lượng thế nào? Hoặc còn loại thực phẩm chức năng nào phù hợp với tình trạng của ba em hơn 3 loại vừa nêu trên ko? Kính xin ý kiến tư vấn của bs. Cám ơn bs rất nhiều! Kính chúc bs nhiều sức khoẻ và công tác tốt!","Chào em,
Ba của em đang điều trị tiểu đường, Gout có men gan cao do dùng thuốc. Ba em đã đi khám không có tổn thường ở gan nên em không nên quá lo lắng. Em có thể dùng thực phẩm chức năng như là nấm linh chi có tác dụng tăng cường hoạt động của hệ miễn dịch, phòng và hổ trợ chữa bệnh tiểu đường.
Em có thể xem các sản phẩm của nấm Linh chi của các cơ sở sản xuất có uy tín để sử dụng cho ba theo hướng dẫn của từng sản phẩm.
Em có thể cho ba dùng đông trùng hạ thảo tỏi đen. Đông trùng có tác dụng chống lại các tác động xấu của tân dược đối với thận tăng cường lưu thông máu trong cơ thể, tăng cường hệ miễn dịch làm chậm lão hóa ở tuổi già, tăng cường chức năng tiêu hóa hấp thu các chất dinh dưỡng. Tỏi đen tăng đề kháng chống oxy hóa, giảm mỡ máu mỡ gan chống viêm nhiễm và lão hóa, tăng cường sinh lực cho cơ thể. 
Do đó em có thể cho ba dùng kết hợp các sản phẩm này được. Tùy theo sản phẩm mà có hướng dẫn sử dụng cụ thể.
Chúc gia đình em sống vui khỏe!"
"Xin chào bác sĩ,
Anh trai tôi bị sỏi thạn thì nên kiêng những gi","Chào bạn,
Người bệnh sỏi thận nên tránh ăn các thực phẩm sau:
-Rau: Những loại rau có hàm lượng oxalat cao bao gồm: cần tây, tỏi tây, đậu bắp, củ cải, đậu, rau cải, khoai lang, đậu xanh, bí, cải xoăn, rau bina, cải xoong, ớt, cà tím, đậu tương. Các loại rau làm tăng axit uric bao gồm đậu, súp lơ, rau bina, măng tây và nấm.
-Trái cây: Trái cây có hàm lượng oxalat cao bao gồm quả việt quất, quýt, dâu tây, quả mâm xôi, nho đỏ, vỏ cam quýt.
-Thực phẩm nhiều protein: Các thực phẩm làm tăng axit uric bao gồm: Cá trích, cá mòi, cá cơm, nội tạng động vật bao gồm cả gan và lá lách. Cần hạn chế sò điệp vì chúng giàu canxi. Những người đang điều trị bệnh sỏi thận cần hạn chế số lượng thịt tiêu thụ mỗi bữa ăn. 
-Ngoài ra, người bị bệnh sỏi thận cần ăn kiêng một số sản phẩm từ sữa vì chúng có nhiều canxi như phomat và sữa chua. Đồ uống giàu oxalat bao gồm cà phê, bia, ca cao và nước chè. Socola, đậu phụ, mùi tây, hẹ, mầm lúa mì cũng cần ăn kiêng.
-Người bị sỏi thận cũng nên kiêng nội tạng động vật, các loại thực phẩm làm tăng axit uric bao gồm nấm men, nước thịt, nước dùng xương và đồ uống có cồn. Người bệnh cũng cần kiêng các thực phẩm chứa nhiều muối như thực phẩm chế biến sẵn hoặc thức ăn có chứa nhiều chất béo.
Thân mến!"
"Xin chào bác sĩ,
Tôi thỉnh thoảng bị nhức buốt trong xương nhưng chỉ thoáng qua rất nhanh, chừng vài giây và cũng không thường. Đây có phải dấu hiệu của bẹnh gút không?
Thanks","Chào bạn!
Triệu chứng mà bạn mô tả không phải là biểu hiện của bệnh Gout, bệnh Gout thường biểu hiện sưng đau một khớp đơn độc( khớp ngón chân..) , thường sau những bữa ăn nhiều đạm ,hoặc uống nhiều rượu bia,bắt đầu đột ngột, đau dữ dội và hoàn toàn biến mất trong vòng 2 tuần, những lần viêm khớp này có thể tái đi tái lại, đôi khi có nổi các hạt tophi ở vành tai quanh khớp. Trường hợp của bạn có thể là tình trạng dị cảm, hoặc biểu hiện của một bệnh lý khác.
Thân mến."
"Xin chào bác sĩ,
Em mới bị chuẩn đoán là bị bệnh gout. Vậy cho em hỏi bệnh gout có chữa khỏi đc không? Và có chữa dứt điểm đc k?","Chào bạn!
Bệnh Gout là 1 bệnh chuyển hóa Purin làm tăng acid uric máu, dẫn đến ứ đọng tinh thể urat tại khớp gây viêm khớp. Nguyên nhân là do vấn đề về di truyền gây ra, 1 số gen liên quan bị lỗi, dẫn đến rối loạn chuyển hóa này. Việc điều trị bệnh giúp giảm đau, hạn chế đợt Gout cấp xảy ra, bảo vệ khớp. Do nguyên nhân là do gen, nên hầu như không thể chữa dứt điểm được. Tuy nhiên phải điều trị giúp bệnh không tiến triển và kiểm soát triệu chứng.
Ngoài việc điều trị thuốc theo toa bác sĩ, bạn cần uống nhiều nước 2 -3 lít/ ngày, hạn chế ăn các thức ăn có nhiều purin (cá cơm, cá mòi, ngỗng,...), hạn chế ăn hải sản và thịt, hạn chế uống rượu bia. Tăng cường vận động thể dục thể thao bạn nhé!
Bạn lưu ý cần đến khám BS chuyên khoa định kỳ để có thể theo dõi tình trạng bệnh 1 cách tốt nhất nhé!
Thân!"
"Xin chào bác sĩ,

Tôi vừa khám sức khỏe tổng quát chỉ số axit uric trong máu là 445. Như vậy chỉ số này là cao hay thấp?

Cảm ơn bác sĩ","Chào bạn!
Chỉ số axit uric bình thường là <420 μmol/l , chỉ số của bạn là 445 ( nếu đơn vị là  μlmol/l  ) là cao, 
bạn nên kiêng ăn các loại thịt đỏ, tôm, cua, nấm, giá đỗ... để làm giảm chỉ số axit uric.
Thân mến."
"Xin chào bác sĩ, ba em bị bệnh gout, vì ăn kiêng và uống thuốc, chăm sóc tốt nên lâu lâu mới đau lại. Nhưng mỗi lần đau thì đi lại khó khăn (chỉ đau ở chân), không biết có cách nào giảm sự đau lại hoặc nhanh hết không bác sĩ?","Chào bạn, 
Khi bị gout cấp, hiện tượng đau các khớp là điều không tránh khỏi. Ngoài dùng thuốc, có một số cách giúp hạn chế cơn đau bạn có thể tham khảo để áp dụng cho ba mình:
- Chườm đá lạnh: khi có cảm giác đau, có thể lấy đá chườm lên vùng bị đau.
- Dùng thuốc giảm đau: Nếu chườm đá không hiệu quả, có thể tiêm thuốc giảm đau nhưng lưu ý bắt buộc phải là thuốc tiêm viêm không chứa steroid chứ không phải là thuốc chứa salicylic acid và hocmon kích thích nếu không thì bệnh tình sẽ càng nghiêm trọng hơn.
- Ngâm chân: Ngâm chân bằng nước ấm vào buổi tối trước khi ngủ, có thể làm thường xuyên. 
- Thường xuyên vận động đi lại: Tập các bài tập giúp co giãn cơ, các bài tập khớp tay và gối, các khớp bị đau nhưng nên nhẹ nhàng.
Thân mến!"
"Xin chào bác sĩ,
Cho tôi hỏi trường hợp uống bia rượu nhiều ngày liên tiếp nó có thể gây ra bệnh gì và có triệu chứng gì quan trọng Ko ?","Chào bạn
Uống nhiều bia rượu có thể ảnh hưởng:
- Tinh thần (nặng có thể gây hoang tưởng, ảo giác...)
- Mất tập trung gây tai nạn, nguy hiểm cho bản thân và người xung quanh
- Viêm dạ dày
- tăng men gan
- Viêm tụy cấp
- Kéo dài có thể gây 1 số rối loạn các chất trong máu như mỡ máu, acid uric gây bệnh gút...
Thân mến"
"Xin chào bác sĩ,
Ba em bị bệnh gout, năm nay ba 54 tuổi, ba em có thể dùng sâm làm thuốc bổ được không ạ?","Chào bạn. 
Bệnh gout xảy ra do nồng độ acid uric trong máu. Khi nồng độ acid uric cao nếu không được điều trị, các tinh thể uric tạo thành trong cơ thể tích tụ trong các khớp dẫn đến phá hủy khớp. Nó cũng dẫn đến sự hình thành của sỏi thận, cản trở hoạt động của thận. 
Khi bị Gout, bạn có thể dùng nhân sâm. Nhân sâm kích thích sự hấp thụ thực phẩm, giúp hấp thu tối đa dưỡng khí và chất dinh dưỡng của máu và tăng cường lưu thông máu trong cơ thể. 
Tuy nhiên nhân sâm chỉ dùng để làm thuốc bổ chứ không thể dùng để điều trị Gout bạn nhé. 
Thân mến"
"Xin chào bác sĩ, bệnh nhân bị gút nên ăn và không nên ăn những thực phẩm gì ạ? Em đọc trên mạng thì thấy có uống sữa, nhưng trong sữa nhiều chất dinh dưỡng thế có ảnh hưởng đến sức khoẻ không? 
Mong bác sỹ tư vấn giúp e. 
Em cảm ơn bác sỹ!","Chào bạn,

Nên ăn các loại thức ăn chứa ít purin như ngũ cốc, bơ, rau quả, các loại hạt... đặc biệt trứng, sữa không chứa purin nên được khuyến khích sử dụng.

 nguoi benh gout nen va khong nen an gi? - 1
Nên ăn các loại thức ăn chứa ít purin như ngũ cốc, bơ...

Các thực phẩm giàu chất xơ nói chung như dưa leo, củ sắn, cà chua… giúp làm chậm quá trình hấp thu đạm, làm giảm thoái hoái biến đạm để sinh năng lượng nên giảm sự hình thành acid uric.

Bài liên quan: 
Những điều cần biết về bệnh gút thứ phát
Hạ mã phong - kinh nghiệm chị em cần biết
Bệnh zona thần kinh có lây không?
Giảm đau không cần thuốc
Một điều quan trọng nhất là nên uống nhiều nước (tối thiểu 2,5 đến 3 lít nước mỗi ngày). Tuy nhiên, không uống nước buổi tối để tránh đi tiểu đêm, ảnh hưởng đến sức khỏe.

Một yếu tố nữa là, hoạt động của gan lại chịu ảnh hưởng của yếu tố tinh thần. Vì vậy bệnh nhân gút cũng cần giữ tinh thần luôn thoải mái, tránh thức khuya.


Kiêng tuyệt đối những thực phẩm giàu đạm có gốc Purin như: Hải sản các loại; các loại thịt có màu đỏ; phủ tạng động vật;  thịt gia cầm, cải bó xôi, bông cải... Tránh ăn các loại nước dùng, nước hầm, nước rau củ... để giảm bớt lượng purin của thức ăn hòa tan trong nước.

Kiêng tất cả các loại thực phẩm có tốc độ tăng trưởng nhanh như: măng tre, măng trúc, măng tây, nấm, giá, bạc hà (dọc mùng) vì sẽ làm gia tăng tốc độ tổng hợp acid uric trong cơ thể.

Giảm bớt những thực phẩm giàu đạm khác trong khẩu phần ăn như: Đạm động vật nói chung như thịt lợn, thịt gà, thịt vịt... và đạm thực vật như đậu hạt nói chung, nhất là các loại đậu ăn cả hạt như : đậu Hà Lan, đậu trắng, đậu đỏ, đậu xanh…

Giảm các thực phẩm giàu chất béo như: Mỡ, da động vật, thức ăn chiên, quay, thực phẩm chế biến với các chất béo no như: Mì tôm, thức ăn nhanh...

Không uống bất kỳ một dạng chất cồn, đồ uống có gaz, nước uống ngọt nhiều đường vì sẽ làm tăng nguy cơ béo phì, một trong những yếu tố tăng nặng bệnh gút.

Giảm các đồ uống có vị chua như: nước cam, chanh, nước trái cây giàu vitamin C vì làm tăng nguy cơ kết tủa urat ở ống thận (do acid lactic trong các đồ uống đó chiếm hết đường đào thải acid uric), tăng nguy cơ sỏi thận.

Thân"
"Xin chào bác sĩ, Em năm nay 35 tuổi. Giới tính: Nam.
Em xin hỏi bs 2 vấn đề đang thắc mắc ạ.
1- Em rất hay bị đi ngoài phân lỏng khi ăn đồ chua, cay. Bị khoảng 8-9 năm nay rồi ạ. Thời gian gần đây tình hình có vẻ nặng lên. Một ngày đi đến 2-3 lần phân lỏng. Khi uống rượu thấy nhói lên phía bụng trên bên trái. Đây có phải là triệu chứng của bệnh Viêm Đại Tràng ko thưa bs.
2- lúc bình thường kể cả mùa đông em ko bao giờ bị đau khớp gối. Nhưng khi uống rượu nhiều thường cảm thấy đau nhức. Nó tự hết sau khoảng 6-7 tiếng ạ. Đây có phải triệu chứng của bệnh Gout ko thưa bs.","Chào bạn
Tình trạng đi ngoài phân lỏng của bạn có thể chính là triệu chứng của bệnh lý đại tràng, còn cụ thể do viêm đại tràng hay đại tràng kích thích hay có khối u...thì bạn cần đi khám để xác định nhé.
Với triệu chứng đau khớp gối của bạn thì không giống với triệu chứng của bệnh gút, song có thể liên quan đến tình trạng viêm nào đó. Bạn cũng nên đi khám siêu âm, chụp phim khớp gối kiểm tra nhé
Thân mến"
"Xin chào bác sĩ,
Tôi năm nay 32t,bị bệnh gút đã mấy năm nay.lúc đầu thì mới sưng ở đốt ngón tay,hai năm trở lại đây thì bắt đầu sưng lên ở ngón chân cái.do tính chất công việc phải giao tiếp với khách hàng,tôi cũng có hay uống một vài ly rượu bia,và cũng cố gắng hạn chế bia rượu và các đồ ăn giàu chất đạm.nhưng một năm trở lại đây,cứ khoảng nửa tháng tôi lại bị cơn gút hành hạ hai đến ba lần,mỗi lần từ hai đến ba ngày,mặc dù tôi đã uống đủ các loại thuốc nam,thuốc tây để chống gút cấp và cũng kiêng cữ rượu bia và các đồ ăn nhiều đạm,cũng cố gắng tập thể dục buổi sáng hàng ngày,nhưng được vài bữa là cơn gút lại tái phát làm tôi ảnh hưởng rất nhiều đến công việc.xin bác sĩ chỉ giùm tôi phương thuốc và cách thức điều trị cơn gút một cách hiệu quả nhất (vì theo tôi biết là hiện tại chưa có phương thuốc nào điều trị dứt điểm bệnh gút).tôi xin chân thành cảm ơn bác sĩ..!!!!","Chào bạn
Gút là 1 bệnh khớp liên quan đến rối loạn chuyển hóa nhân purin trong protein. Bệnh mạn tính và không có biện pháp điều trị triệt để. Chính việc bạn uống quá nhiều loại thuốc, không theo 1 phác đồ chuẩn nào và dừng thuốc, đổi thuốc bất hợp lý có thể là nguyên nhân khởi phát nhiều cơn gút cấp như vậy.
Điều trị gút bao gồm nhiều bước:
- Điều trị cơn gút cấp
- Điều trị phòng cơn gút cấp
- Điều trị gút mạn
- Điều trị biến chứng của gút.
Tôi không rõ bạn đã sử dụng các loại thuốc như thế nào và đạt được mức nào trong các bước trên. Nhưng để hạn chế bệnh thì cần 1 sự phối hợp rất tốt giữa bệnh nhân và thầy thuốc, tránh tình trạng uống quá nhiều loại thuốc mà hiệu quả lại không có. bạn nên đến bệnh viên có chuyên khoa khớp (như Bạch Mai) để được điều trị hợp lý.
Thân mến"
"Xin chào bác sĩ,tôi đi khám thì kết quả bị gout nồng độ axit uric là 484. Được nửa năm rồi mỗi ngày tôi ăn không quá 100 gam thịt trắng. Cơn đau cấp nó vẫn chưa đến nhưng thỉnh thoảng đêm đến các khớp cổ tay ,chân nó dấm dứt đau.xin hỏi bs tôi nên ăn chế độ dinh dưỡng như thế nào?","Chào anh,
Trong cơ thể, acid uric được tạo thành từ ba nguồn: thoái giáng từ các chất có nhân purin do thức ăn đưa vào, thoái giáng các chất có nhân purin từ trong cơ thể và tổng hợp các purin từ con đường nội sinh.

Nguyên tắc chế độ ăn trong phòng bệnh Gút:

Đảm bảo bữa ăn có đủ các chất dinh dưỡng ở tỉ lệ cân đối
Đảm bảo cân đối giữa các thành phần sinh nặng lượng(Đạm-Béo-Đường). Tỉ lệ năng lượng do các thành phần cung cấp nên là: Đạm : Béo : Đường = 12-15% : 18-20% : 65-70 %
Ăn vừa phải các loại thức ăn chứa nhiều nhân purin: các loại thịt, hải sản, các loại phủ tạng
Cần có sự lựa chọn và phối hợp nhiều loại thực phẩm đều đặn trong thực đơn hàng ngày
Không uống quá nhiều và kéo dài rượu, bia, cà phê
Luôn uống đủ nước
   Chế độ ăn trong điều trị bệnh Gút:

Giảm bớt lượng đạm trong khẩu phần
Không nên ăn các thực phẩm có chứa nhiều axit uric (nhóm III): óc, gan, bầu dục các loại phủ tạng, nước ninh xương, luộc thịt....
Ăn vừa phải các loại thực phẩm có hàm lượng axit uric trung bình (nhóm II): Thịt, cá, hải sản, đậu đỗ..... các thực phẩm nhóm II chỉ nên ăn mỗi tuần 2-3 lần.
Sử dụng các thực phẩm chứa ít axit uric trong chế biến bữa ăn hàng ngày: ngũ cốc, các loại hạt, bơ, mỡ, trứng, sữa, phomát, rau quả
Hạn chế đồ uống gây tăng axit uric máu: rượu, bia, chè, cà phê.
Ăn nhiều rau quả không chua. Hạn chế ăn các loại quả chua vì làm tăng thêm độ axit trong máu.
 Lượng đường, bột trong khẩu phần (gạo, bột mì, đường, bánh,kẹo có thể sử dụng với tỉ lệ cao hơn người bình thường một chút)
Uống nước có tính kiềm: nước rau, nước khoáng
Uống đủ nước hàng ngày.


*Hàm lượng Purin trong một số loại thực phẩm (tính theo mg trong 100mg thực phẩm)

Nhóm 1: Nhân Purin thấp (5-15mg): Ngũ cốc, dầu, mỡ, trứng, sữa, rau, quả, hạt

Nhóm 2: Nhân Purin trung bình (50- 150mg): Thịt, cá, hải sản, đậu, đỗ

Nhóm 3: Nhân Purin cao (trên 150mg): Óc, gan, bầu dục, cá trích, nấm, măng tây, nước dùng thịt

Nhóm 4: Các loại đồ uống chứa nhân Purin: Rượu, bia, cà phê, chè

Để điều trị bệnh Gút có hiệu quả, cần có sự phối hợp chặt chẽ giữa chế độ ăn theo bệnh và sử dụng thuốc chữa bệnh hợp lý theo chỉ dẫn của bác sĩ điều trị."
"Xin chào bác sĩ,
Tôi năm nay 34 tuổi bị sỏi thận 5mm - 7mm, đã đi siêu âm, cản quang và điều trị bằng thuốc như kim tiền thảo....được một thời gian thì sỏi tan ra và ra ngoài. Theo như quan sát viên sỏi thì lúc ban đầu màu đục đục sau vài giờ thì chuyển sang trắng như vôi ( quá trình này diễn ra thường xuyên khoảng 6 tháng lại ra một lần) 
 Xin hỏi bác sĩ tôi bị như vậy là do nguyên nhân từ đâu mà hình thành sỏi như vây? 
Làm cách nào để phòng tránh tái bị lại sỏi? 
Cảm ơn bác sĩ đã quan tâm, trả lời. Chúc bs sức khoẻ, an bình.","Sỏi ngâm trong môi trường nước tiểu có màu như bạn quan sát lúc mới tống ra ngoài, khi sỏi khô nước thì thay đổi màu chút ít như bạn mô tả.
Thận lọc nước tiểu từ máu tuần hoàn trong cơ thể để bài xuất chất độc trong cơ thể, trong đó có những tinh thể muối, những tinh thể này lắng đọng và kết tinh tạo nên sỏi trong hệ tiết niệu.
Để hạn chế sỏi niệu ta nên uống nhiều nước, đi tiểu khi cảm giác mắc tiểu, không nhịn tiểu, hạn chế để nhiễm trùng tiểu. Một số thực phẩm giúp bài niệu hạn chế sỏi như nươc trái thơm...hay gây tăng tiết tinh thể sỏi gây tạo sỏi như nhóm thực phẩm giàu canxi, tăng acid uric...."
"Xin chào bác sĩ ! anh em năm nay 30 tuổi thỉnh thoảng anh ấy bị sưng đau các khớp chân tay , nhất là sau khi dùng rượu bia sau 2,3 ngày , cũng có lần không dùng rượu bia vẫn đau . Nhưng chỉ đau 1 hoặc 2 khớp 1 lần ( rất đau, không ngủ được ) và hôm sau dù dùng thuốc hay không đều hết đau. Anh ấy đã đi khám nhiều nơi nhưng họ đều bảo không bị sao . Vậy kính mong bác sĩ cho phương pháp dự phòng và điều trị ( chế độ ăn kiêng ) ? Em chân thành cám ơn !","Chào bạn!
Tình trạng đau các khớp của anh bạn có vẻ giống như biểu hiện của các bệnh lý viêm khớp chuyển hóa ( Gout, viêm khớp giả Gout..).Tuy nhiên cũng chưa loại trừ các bệnh lý khác như viêm khớp dạng thấp, thoái hóa khớp...
Để xác định chính xác nguyên nhân và có điều trị phù hợp bạn nên khuyên anh bạn đi đến khám tại các cơ sở y tế chuyên khoa cơ-xương , làm thêm các xét nghiệm.
Anh bạn có thể áp dụng chế độ ăn kiêng các loại thịt đỏ như( thịt bò, thịt dê,,), các loại hải sản ,nội tạng , các loại rau như nấm, măng, giá đỗ. Các chế phẩm từ đậu nành như : Đậu phụ, sữa đậu nành, giảm các thực phẩm giàu chất béo như : Mỡ, da động vật, thức ăn chiên, quay, thực phẩm chế biến với các chất béo no như: Mì tôm, thức ăn nhanh.Tuyệt đối không uống bất kỳ một dạng chất cồn nào như : Rượu, bia, cơm rượu,…Hạn chế đồ uống có gaz, nước uống ngọt nhiều đường
Thức ăn có lợi:
+ Các thực phẩm giàu chất xơ nói chung như dưa leo, củ sắn, cà chua…
+ Một điều quan trọng nhất là Nên uống nhiều nước (tối thiểu 2,5 đến 3 lít nước mỗi ngày).Không uống nước buổi tối để tránh đi tiểu đêm, ảnh hưởng Sức khỏe. 
Tập thể dục thường xuyên và đều đặn.
Thân mến"
"Xin chào bác sĩ,
Sau một đêm ngủ dậy,cạnh bên ngón trỏ trái có một hạt tròn đường kính khoảng 3mm,hơi đau (toi nghĩ không phải topi của bệnh gút) và đã hơn tuần nay không phát triển thêm va cũng không khỏi. Xin thưa bs tôi phai chửa trị ra sao?Vì thấy không đau gì lắm, sinh hoạt vẫn bình thường nên chua đi khám. XIN CHAN THANH CAM ON .","Chào bác!
Hạt tròn đường kính nhỏ hơi đau, có thể là gai xương, u mở, hay mô xơ bị chai, hoặc có thể là hạt tophi trong bệnh gout như bác mô tả . Nếu không thay đổi kích thước,hay có các dấu hiệu khác trong thời gian dài có thể đây là tình trạng lành tính Bác không cần phải quá lo lắng.
Tuy nhiên tuổi bác cũng lớn, bác nên đi khám tổng quát để kiểm tra sức khỏe.
Thân mến."
"Xin chào bác sĩ,
Huyết áp của tôi thường xuyên thường là từ135đến 145/95đến100 .bác sĩ cho hỏi hàng ngày tôi có phải uống thuốc giảm huyết áp không?
_khi ngủ thỉnh thoảng tôi như bị ngưng thở ,lúc đó tôi phải hít một hơi dài  để cân bằng lại bình thường. Bác sĩ cho hỏi có phải hiện tượng bệnh gì không ,và cách điều trị","Chào Bác !
Huyết áp của Bác ở mức 145/95 là cao và cần phải điều trị. Tuy nhiên việc điều trị này phải do bác sĩ quyết định. Bác nên đi khám bởi các bác sĩ chuyên khoa tim mạch, tầm soát thêm các hội chứng chuyển hóa đi kèm( như đái tháo đường, gout, rối loạn mỡ máu...), phát hiện sớm các biến chứng để điều trị kịp thời và hợp lý.
Tuy nhiên việc đầu tiên bác có thể thay đổi lối sống có thể làm giảm huyết áp :
- Hạn chế ăn muối trong các bữa ăn ( lượng muối hằng ngày chỉ nên <6g/ngày, khoảng một muỗng nhỏ), không nên ăn các đồ ăn đóng hộp, ăn nhiều rau xanh, trái cây và tăng khẩu phần cá,bớt khẩu phần thịt ....
-Tăng cường vận động thể lực ( tập thể dục với các môn phù hợp với thể trạng và điều kiện kinh tế, có thể đi bộ, đi xe đạp, bơi lội....)
Việc ban đêm khi ngủ có cảm giác ngưng thở , phải hít một hơi dài để thở có thể do các nguyên nhân về bệnh lý tim mạch ( suy tim.), bệnh phổi tắc nghẽn mạn tính, hội chứng ngưng thở khi ngủ,hoặc đôi khi do rối loạn thần kinh thực vật, tâm lý.Tùy mỗi nguyên nhân mà có những cách điều trị khác nhau. Bác nên đến các cơ sở y tể khám xác định chính xác nguyên nhân và điều trị phù hợp.
Thân mến. Chúc bác nhiều sức khỏe."
"Xin chào bác sĩ,kiểm tra tổng quát sức khoẻ phát hiện sớm bệnh ung thư chi phí hết bao nhiêu ạ?","Chào bạn!
Kiểm tra sức khỏe tổng quát tầm soát sớm các bệnh ung thư tùy vào cơ sở y tế có giá từ 2 triệu đến 10 triệu Việt Nam đồng  có thể bao gồm các xét nghiệm,
- Công thức máu
- Mỡ máu (cholesterol, HDL, LDL, Triglyceride)
- Đường máu
- Viêm gan C (Anti HCV)
- Men gan
- Viêm gan siêu vi B (HbsAg, HbsAb)
- Chức năng thận
- Dấu ấn ung thư đại tràng, dạ dày, tụy
- Uric máu (Bệnh gút)
- Dấu ấn ung thư vú, buồng trứng (Nữ)
- Dấu ấn ung thư gan, phổi
- Siêu âm tuyến giáp
- Tầm soát nhiễm vi khuẩn H.p
- Tổng phân tích nước tiểu
- Tìm máu trong phân
 Chụp cắt lớp ngực (CT)
 Chụp nhũ ảnh (Nữ)
 Siêu âm bụng - chậu tổng quát
 Siêu âm ngực (Nữ)
 Nội soi dạ dày tìm vi khuẩn H.p
 Phết cổ tử cung (Nữ)
Thân mến! Chúc bạn và gia đình nhiều sức khỏe!!"
"Xin chào bác sĩ,
Mẹ e bị sỏi thận đã lâu . Sỏi có kích thước 11mm . Đợt đau gần đây nhất rất dử dội. Và phải nhập viện. Thưa bs cho e hỏi e định lấy thuốc nam cho mẹ e uống vì sợ phẩu thuật xác suất tái phát cao nên e ko muốn mẹ e phẩu thuật. Thưa bs cho e hỏi như vậy có được ko a? Và mẹ e có được ăn cua tôm ko a?","Chào bạn, 
Sỏi thận của mẹ bạn kích thước là 11mm, kèm theo có những cơn đau dữ dội thì cần điều trị bằng phẫu thuật. Nếu sỏi nhỏ thì có thể điều trị uống thuốc Đông y hoặc Tây y, tuy nhiên nếu dùng thuốc Đông y thì mất thời gian điều trị lâu dài. 
Bạn nên đưa mẹ đi khám và điều trị tại chuyên khoa Tiết niệu của các bệnh viện lớn, uy tín, việc điều trị là cần thiết để hạn chế các cơn đau cấp này, sau khi điều trị nếu tình trạng của mẹ bạn đã ổn định, chỉ cần có chế độ ăn uống, sinh hoạt nghỉ ngơi hợp lý thì sẽ không bị tái phát.
Trong sinh hoạt hàng ngày cần chú ý: 
- Không ăn mặn, hạn chế các thực phẩm giàu canxi ( chứ không cần kiêng tuyệt đối như tôm, cua , cá..). Một ngày chỉ nên cung cấp cho cơ thể không quá 800mg canxi.
- Uống nhiều nước, không nhịn tiểu.
- Hạn chế các thực phẩm từ động vật, nhiều purin để tránh chuyển hóa thành axit uric.
Thân mến!"
"Xin chào bác sĩ,
Em rất hoảng  khi em bị uric trong máu tăng cao . Em muốn hỏi bác sĩ là những thực phẩm mà em ăn cà pháo cà tím , rau bắp cải , su su , bí đỏ , dưa , ngô , nhưng thực phẩm chay như tôm chay , gà chay , sườn chay , nhất là món ( bí đỏ , cà tím , bắp cải ) là em dùng thường xuyên , em rất mong lời khuyên của bác sĩ  em ăn như vậy đã được chưa ạ . Em chân thành cám ơn !",Chào bạn. Tăng acid uric có nhiều nguyên nhân: do ăn nhiều thịt cá quá hay không đào thải được. Theo mình ở tuổi bạn thì bạn chỉ cần điều chỉnh chế độ ăn là được. Hạn chế ăn đồ hải sản và thịt bò. Các loại thịt trắng thì ăn bình thường và giảm lại một chút. Bạn không cần ăn kiêng đến như vậy đâu bạn nhé.
"Xin chào bác sĩ,
Cho t hỏi về nguyên nhân và điều trị bệnh Gout? Cách phòng?","""Thân mến
Gút là 1 bệnh khớp liên quan đến rối loạn chuyển hóa nhân purin trong protein. Nguyên nhân gây bệnh gút là do sự tích tụ quá nhiều axit uric trong cơ thể gây ra. Bệnh mạn tính và không có biện pháp điều trị triệt để. 
Điều trị gút bao gồm nhiều bước:
- Điều trị cơn gút cấp
- Điều trị phòng cơn gút cấp
- Điều trị cơn gút cấp
- Điều trị phòng cơn gút cấp
- Điều trị gút mạn
- Điều trị biến chứng của gút.
 Nhưng để hạn chế bệnh thì cần 1 sự phối hợp rất tốt giữa bệnh nhân và thầy thuốc, tránh tình trạng uống quá nhiều loại thuốc mà hiệu quả lại không có.
Để phòng tránh Gout , bạn nên : 
- Duy trì cân nặng hợp lý , tuy nhiên không  nên nhịn đói để giảm cân nhanh sẽ khiến tăng axit uric trong máu. 
- Tránh ăn nhiều đạm động vật 
- Hạn chế rượu bia, chất kích thích.
- Ăn uống nhiều nước, chất lỏng. 
Thân mến."
"Xin chào bác sĩ,
Em bị sỏi thận nhưng lâu ngày uống kim tiền thảo mặc dù không đau nhưng vẫn chưa hết sỏi xin hỏi bác sĩ để lâu có sao không vì em thấy người ta đi tán sỏi rồi một thời gian sau vẫn tái phát thứ 2 em ăn bao nhiêu uống thêm cả thực phẩm chức năng có tăng một vài kg nhưng không béo do sau một thời gian tìm hiểu em đc biết mình hấp thụ không tốt xin hỏi bác sĩ em cần đi khám những gì và làm gì","Chào bạn
Sỏi thận, sỏi tiết niệu hình thành do nhiều nguyên nhân: di truyền, các dị dạng bẩm sinh đường niệu, người bệnh nằm lâu ít vận động, chế độ ăn uống không hợp lý (quá nhiều đạm, Hydrat Carbon, Natri, Oxalat), nhiễm khuẩn tiết niệu hoặc sống ở vùng nóng, vùng nhiệt đới,... là những yếu tố thuận lợi để bệnh sỏi thận tiết niệu dễ phát sinh. Tại các nước công nghiệp phát triển, sỏi Acide Urique có chiều hướng gặp nhiều hơn. Ở Việt Nam, sỏi Amoni-Magié-Phosphat (Struvit) chiếm một tỷ lệ cao hơn. . Các loại sỏi Calci thường là sỏi cản quang, còn sỏi Urat và Cystin thường không cản quang.
Chủ động phòng tránh các yếu tố có nguy cơ gây nhiễm trùng đường niệu, uống đủ nước (nhất là vào mùa nóng, khi lao động nặng). Không nén nhịn lâu khi buồn đi tiểu. Nếu có dấu hiệu tiểu buốt, dắt thì nên dùng sớm các loại lợi tiểu sẵn có như râu ngô, mã đề...
- Khi phát hiện bệnh hoặc có nguy cơ mắc bệnh, nên uống nhiều nước để mỗi ngày bài tiết được hơn 1,5 lít nước tiểu.
- Thường xuyên khám sức khỏe định kỳ để phát hiện sớm các yếu tố nguy cơ gây bệnh, chẩn đoán và điều trị kịp thời nếu đã bị sỏi, tránh các biến chứng.
Đối với tùy từng loại sỏi và kích thước mà có cách điều trị hợp lý,chứ khong phải trường hợp nào cũng tán sỏi bạn nhé. Ví dụ như:
Đối với hòn sỏi nhỏ và trơn láng:
Nhờ sự nhu động của niệu quản hòn sỏi sẽ di chuyển dần để được tống ra ngoài. Điều này diễn tiến một cách tự nhiên chứ không phải do thuốc làm “bào mòn“ hòn sỏi như một số người thường nghĩ. Tuy nhiên thuốc lợi tiểu làm tăng dòng nước tiểu, thuốc chống viêm không stéoide làm cho niêm mạc niệu quản không bị phù nề làm cản trở sự di chuyển của sỏi nên có tác dụng tốt cho hòn sỏi chuyển động dễ dàng.
Chỉ có sỏi acid uric là tan được dưới tác dụng của thuốc. vậy bạn nên đi khám xem tình trạng sỏi của mình để điều trị phù hợp, nhiều khi chỉ cần uống thuốc là được.
Thân mén"
"Xin chào bác sĩ,
Em đi xét nghiệm máu acid uric 8.2 liệu em có bị gút k?  
Tối hôm qua em có ăn khá nhiều lòng,gan,phổi,tim lợn, vậy có ảnh hưởng đến kết quả ngày hôm nay em xét nghiệm acid uric lên cao không ạ?
Ở giữ đốt ngón tay trỏ bàn tay phải của em tự nhiên có 1 cục nhỏ như hạt tiêu cứng cứng, không đau. Vậy nó là gì ạ?","Chào bạn
Xét nghiêm acid uric/ máu là:8,2mg thì chưa xác định là bị gout
Bạn cần điều chỉnh chế độ ăn( kg nén ăn nhiều phủ tạng của lợn và kg uống bia rượu , chất kích thích) trong 1 thời gian và XN lai 
Thân mến"
"Xin chào bác sĩ,nam nay toi 57 tuoi ,toi thuong rat hay dau nhuc sau khi kham duoc bac si cho biet toi mac chung benh Gut,toi da su dung loai thuoc MAGRAX va ULTRACET mot thoi gian khi uong thi rat khoe  nhung khi ngung lai toi co trieu chung met moi ,dau nhuc kg muon hoat dong xin bac si cho toi biet loai thuoc nay su dung lau co nguy hiem va co gay nghien gi kg ???.....Xin cam on bac si","Chào chị,
Với bệnh Gout, ngoài điều trị bằng thuốc Tây y thì nên kết hợp với chế độ ăn kiêng cẩn thận mới có kết quả.
Chị nên kiêng ăn các thực phẩm như hải sản, nội tạng động vật, thức ăn chứa nhiều đạm... tăng cường ăn rau xanh, hoa quả tươi...
2 loại thuốc chị đang điều trị có thể dùng lâu dài được.
Thân mến!"
"Xin chào bác sĩ,
Cảm ơn bs đã trả lời câu hỏi trước của tôi!Vợ chồng tôi ăn gạo lức vài tháng nay, 1lần buổi tối/ngày.Chồng tôi bi gút nhẹ,lâu lâu ăn uống nhìu đạm,bia... mới hơi đau nhức chân thôi,còn lại là bthg.Chúng tôi ăn như vậy vì có thông tin gạo lức tốt.Nhưng mới đây nghe k nên ăn buổi tối. Trên thị trường giá cả loại gạo này cũng lung tung,có loại 18ngàn(tôi ăn loại này,loại 24 thì có sạn,trong sthị có loại 32;40.Các loại gạo này đều có màu đỏ nhưng kcó lớp cám bao bọc bên ngoài như tôi đc bit là gạo xay dối để còn lớp cám ăn mới tốt. Vậy các loại gạo trên có pải là gạo lức k,có tác dụng khi ăn không?Cám ơn bs!","Chào bạn .
Bản chất gạo lứt là loại gạo không đánh bóng. Trong quá trình xay xát, lớp vỏ lụa được giữ lại lớp cám lụa bên ngoài nên hạt gạo lứt có màu nâu đỏ, và đặc biệt vẫn giữ được hơn 90% chất dinh dưỡng đặc biệt là vitamin nhóm B (B1, B3, B6), vitamin E, magiê, mangan, sắt và chất xơ. Trong đó, vitamin B1 và chất xơ có hàm lượng cao hơn rất nhiều trong gạo trắng thông thường. 
Để sử dụng gạo lứt hiệu quả , chỉ nên ăn gạo lứt 2-3 lần/tuần. Khi ăn, phải nhai thật kỹ cho đến khi ra nước mới nuốt, nếu không sẽ gây ra chứng khó tiêu.
Vì vậy, chỉ nên ăn gạo bán nơi có địa chỉ uy tín, nên chọn loại được bảo quản trong bao bì hút chân không ,tránh để gạo tiếp xúc trực tiếp với nắng, môi trường. 
Thân mến"
